Controller,EndpointCount,Endpoints
addRoleCtrl,2,/admin/createAdminRole.json | /admin/getCompanyList.json
adminAreaListCtrl,3,/admin/changeStatus.json | /admin/getLoginAdminSubAreaAdminList.json | /admin/selectLoginAdminSubAreaLevelList.json
adminListCtrl,13,/admin/changeAdminRole.json | /admin/changeStatus.json | /admin/getAdminList.json | /admin/getAdminStateListForUpdate.json | /admin/getCompanyList.json | /admin/getOtherAdminInfo.json | /admin/getRoleStateListForUpdate.json | /admin/getSchoolList.json | /admin/getSuperStateList.json | /admin/getUnionAdminStateList.json | /admin/transferAdminRole.json | /admin/updateAdminStateList.json | /admin/updateOtherAdminInfo.json
adminPasswordModifyCtrl,2,/admin/getOtherAdminInfo.json | /admin/modifyOtherPass.json
areaRoleAdminCtrl,1,/admin/selectAdminRoleVoList.json
areaScreenAdminCtrl,1,/admin/getSchoolMateManageCorpVoList.json
createAdminCtrl,4,/admin/createAdmin.json | /admin/getCompanyList.json | /admin/getRoleStateListForUpdate.json | /admin/getSchoolList.json
createAdminAreaCtrl,18,/admin/createAreaAdmin.json | /admin/getAdminCustVoList.json | /admin/getAreaAdminRole.json | /admin/getCorpWatchdogConf.json | /admin/getLoginAdminAreaLevelVo.json | /admin/getProvinceVoList.json | /admin/getWatchdog.json | /admin/moveCustomersOfEmployee.json | /admin/refreshWatchdogLocalStore.json | /admin/saveCorpWatchdogConf.json | /admin/selectBandingCustomerList.json | /admin/selectEmployeeVoList.json | /admin/selectLoginAdminSubAreaLevelList.json | /admin/selectWatchdogList.json | /admin/updateWatchdog.json | /admin/updateWatchdogLocalStore.json | /admin/updateWatchdogStatus.json | /auth/isCertificateDeleted.json
modifyAdminAreaCtrl,5,/admin/getAdminAreaLevelVo.json | /admin/getAreaAdminRole.json | /admin/getProvinceVoList.json | /admin/selectLoginAdminSubAreaLevelList.json | /admin/updateAreaAdmin.json
modifyAreaRoleCtrl,4,/admin/getAdminRoleVo.json | /admin/getRoleStateListForUpdate.json | /admin/updateAdminRoleInfo.json | /admin/updateRoleStateList.json
modifyRoleCtrl,4,/admin/getAdminRoleVo.json | /admin/getRoleStateListForUpdate.json | /admin/updateAdminRoleInfo.json | /admin/updateRoleStateList.json
roleAdminCtrl,1,/admin/selectAdminRoleVoList.json
assistCheckingCtrl,15,/admin/completeExamine.json | /admin/disconnectUartDeviceOfAdmin.json | /admin/getCorpInfo.json | /admin/getLatestUartDeviceLogToSchoolMateCheck.json | /admin/getMedicalExamineItemVoList.json | /admin/getMedicalExamineVoList.json | /admin/getMedicalRecord.json | /admin/getPatientExamineListVoList.json | /admin/getPatientInfo.json | /admin/getVisionRecordVo.json | /admin/modifyMedicalExamineItemList.json | /admin/selectUartDeviceByAdminId.json | /admin/selectUartDeviceList.json | /admin/setUartDeviceOfAdmin.json | /admin/uploadExamineResult.json
assistCheckListCtrl,9,/admin/addBrand.json | /admin/getMedicalExamineVoList.json | /admin/getMedicalRecordExamineListVoList.json | /admin/modifyBrand.json | /admin/selectBrandByName.json | /admin/selectTop50BrandName.json | /admin/splitBrandArrayString.json | /admin/startExamine.json | /admin/statExamineCheckStatus.json
remindListCtrl,6,/admin/cancelFollowUp.json | /admin/getAdminList.json | /admin/getLoginEmployee.json | /admin/selectEmployeeVoListOfMyCompany.json | /admin/selectFollowUpVoList.json | /admin/startExamine.json
smsSetCtrl,2,/admin/getSchoolCheckConf.json | /admin/saveSchoolCheckConfForTemplate.json
aioIntroduceCtrl,0,
coinRuleIntroduceCtrl,0,
myAccountCtrl,3,/admin/selectCorpCoinStateList.json | /admin/stateCorpCoin.json | /admin/stateScanPayMonthTrade.json
myAccountCoinCtrl,1,/admin/selectCorpCoinEventLogList.json
myAccountCoinDetailsCtrl,2,/admin/getCompanyListOfMine.json | /admin/selectCorpCoinTradeLogList.json
myAccountDetailsCtrl,2,/admin/getCompanyListOfMine.json | /admin/selectCorpCoinTradeLogList.json
myAccountDetailsForScanCtrl,1,/admin/stateScanPayMonthTrade.json
myAccountHistoryCtrl,1,/admin/selectMyCorpPaymentOrder.json
myAccountOverviewsCtrl,1,/admin/selectCorpCoinStateList.json
wechatAuthCtrl,3,/admin/changeWechatAccount.json | /admin/getAuthPage.json | /auth/authInfo.json
backup1Ctrl,2,/admin/getCustomerVo.json | /admin/getPatientInfo.json
appointOrderCtrl,3,/admin/confirmAppointment.json | /admin/getAppointmentVo.json | /admin/updateAppointCompanyRemark.json
bookManageCtrl,11,/admin/getCanBeDeliverySkuInListOfProduct.json | /admin/getCashflowDeliveryVo.json | /admin/getCorpAppointmentConf.json | /admin/getMedicalProductMachineCenterVoList.json | /admin/getMedicalRecordPayVo.json | /admin/saveCorpAppointmentConf.json | /admin/saveMedicalProductDeliveryCommentBatch.json | /admin/saveMedicalProductStockBatch.json | /admin/selectAppointmentVoList.json | /admin/sendMedicalProductToMachineCenter.json | /admin/statProductDeliveryStatusOfCashflow.json
deliveryListCtrl,5,/admin/getCashflowDeliveryVo.json | /admin/getCashflowDeliveryVoList.json | /admin/selectMachineCenterOrderRecordVoList.json | /admin/statProductDeliveryStatus.json | /admin/statProductDeliveryStatusOfCashflow.json
machineOrderListCtrl,4,/admin/deliveryMachineCenterOrder.json | /admin/receiveMachineCenterOrder.json | /admin/selectMachineCenterListOfProduct.json | /admin/selectMachineCenterOrderRecordVoList.json
partBackCtrl,13,/admin/commitPartRefundForExistScan.json | /admin/commitPartRefundForNotExistScan.json | /admin/createPartRefund.json | /admin/getCorpInfo.json | /admin/getCorpPayChannel.json | /admin/getCustomerVo.json | /admin/getCustomerWallet.json | /admin/getMedicalRecordCashflowVo.json | /admin/getMedicalRecordRefundDetailVo.json | /admin/getMedicalRecordRefundLogVo.json | /admin/refundCreditCashflowForScan.json | /admin/refundCreditCashflowIdList.json | /admin/rollbackCredit.json
payedListCtrl,4,/admin/getCorpInfo.json | /admin/getCorpPayChannel.json | /admin/getMedicalRecordCashflowVo.json | /admin/getMedicalRecordCashflowVoListOfCompany.json
reChargeListCtrl,13,/admin/commitSubBanlance.json | /admin/getCompanyCashConf.json | /admin/getCompanyOfMine.json | /admin/getCustomerMember.json | /admin/getCustomerVo.json | /admin/getCustomerWallet.json | /admin/getCustomerWalletLogVo.json | /admin/initAddBanlance.json | /admin/initSubBanlance.json | /admin/selectCustomerWalletLogVoList.json | /admin/selectCustomerWalletVoList.json | /admin/selectOrCreateWechatCard.json | /admin/selectPosDeviceListOfCompany.json
reChargeListBackCtrl,9,/admin/commitSubBanlance.json | /admin/getCompanyOfMine.json | /admin/getCorpInfo.json | /admin/getCustomerVo.json | /admin/getCustomerWallet.json | /admin/getCustomerWalletLogVo.json | /admin/initSubBanlance.json | /admin/initSubBanlanceAuto.json | /admin/selectCustomerWalletLogVoList.json
unPayDetailCtrl,4,/admin/getCustomerCashflowCreditLogVoToPay.json | /admin/getCustomerWallet.json | /admin/payCreditCashflowIdList.json | /admin/selectPosDeviceListOfCompany.json
unPayListCtrl,1,/admin/selectCustomerCreditVoList.json
waitChargeDetailCtrl,10,/admin/changeMedicalExamineRateFee.json | /admin/changeMedicalProductRateFee.json | /admin/computeUnPlaceOrderMedicalRecordFee.json | /admin/computeUsableCustomerCoupon.json | /admin/createCashFlowForMedicalRecord.json | /admin/getCorpCashConf.json | /admin/getPatientInfo.json | /admin/isCustomerCouponUsable.json | /admin/reComputeUnPlaceOrderMedicalRecordFee.json | /admin/selectUsableCustomerCouponVoList.json
waitChargeListCtrl,1,/admin/getUnPlaceOrderMedicalRecordVoList.json
waitPayBackCtrl,5,/admin/getCashFlowCashierVo.json | /admin/getCashFlowCreditVo.json | /admin/getMedicalRecordCashflowVo.json | /admin/payCreditRefund.json | /admin/xxx.json
waitPayBackListCtrl,4,/admin/getCompanyCashConf.json | /admin/getCorpPayChannel.json | /admin/getMedicalRecordRefundLogVo.json | /admin/selectMedicalRecordRefundLogVoListOfCompany.json
waitPayDetailCtrl,8,/admin/getCorpCashConf.json | /admin/getCustomerPoint.json | /admin/getCustomerVo.json | /admin/getCustomerWallet.json | /admin/getMedicalRecordCashflowVo.json | /admin/payMedicalRecordCashflow.json | /admin/pointToMoney.json | /admin/selectPosDeviceListOfCompany.json
waitPayListCtrl,2,/admin/cancelMedicalRecordCashflow.json | /admin/getMedicalRecordCashflowVoListOfCompany.json
addCheckinCtrl,10,/admin/addSchoolMateConsume.json | /admin/confirmArrivalOfAppoint.json | /admin/getEmployeeVo.json | /admin/getExamineVoList.json | /admin/getPatientVoList.json | /admin/getSchoolClassList.json | /admin/insertCustomerCheckin.json | /admin/insertCustomerCheckinOfNewCustomer.json | /admin/insertCustomerCheckinOfNewPaitent.json | /admin/selectEmployeeVoList.json
checkinListCtrl,19,/admin/bandingCustomer.json | /admin/changeBandingWechat.json | /admin/deleteCustomerCheckin.json | /admin/getAppointPrintData.json | /admin/getBandingWechatQrcode.json | /admin/getCustomerVo.json | /admin/getExamineVoList.json | /admin/getPatientVo.json | /admin/getSchoolClassList.json | /admin/isBandingWechat.json | /admin/medicalCheckBeforeCustomerCheckin.json | /admin/saveCustomerInfo.json | /admin/savePatientInfo.json | /admin/selectCustomerCheckinVoListOfCompany.json | /admin/selectCustomerWaitingBindingVo.json | /admin/selectEmployeeVoList.json | /admin/selectTagList.json | /admin/sendCustomerCheckin.json | /admin/updateCustomerTags.json
yuYueJiLuCtrl,1,/admin/selectAppointPatientVoList.json
adminCallCtrl,9,/admin/getEmployeeConsultRoomVo.json | /admin/getNowCallingCheckinQueueOfBigScreen.json | /admin/restartEmployeeCheckinQueue.json | /admin/selectBigScreenConfVoListOfCompany.json | /admin/selectConsultRoomVoListOfCompany.json | /admin/selectEmployeeCheckinQueueVoListOfBigScreen.json | /admin/selectEmployeeVoList.json | /admin/setEmployeeManageBigScreenId.json | /admin/topEmployeeCheckinQueue.json
bigScreenCtrl,3,/admin/getBigScreenConfVo.json | /admin/selectBigScreenConfVoListOfCompany.json | /admin/selectConsultRoomVoListOfCompany.json
checkCallCtrl,12,/admin/callNextExamineQueueMain.json | /admin/callingExamineQueueMain.json | /admin/callingExamineQueueWhenNotSignIn.json | /admin/callingWaitingExamineQueueMain.json | /admin/closeNowCallingExamineQueueMain.json | /admin/getEmployeeExamineConsultRoomVo.json | /admin/getNowCallingExamineQueueMain.json | /admin/selectConsultRoomVoListOfCompany.json | /admin/selectMedicalExamineQueueMainVoList.json | /admin/selectMedicalExamineSignInVoList.json | /admin/setExamineConsultRoomOfEmployee.json | /admin/startExamine.json
consultingScreenCtrl,3,/admin/getConsultRoomScreenVo.json | /admin/selectConsultRoomScreenVoList.json | /admin/selectConsultRoomVoListOfCompany.json
doctorWorkbenchCtrl,11,/admin/beginCustomerCheckin.json | /admin/callingEmployeeCheckinQueue.json | /admin/callingWaitingCheckinQueue.json | /admin/closeNowCallingCheckinQueue.json | /admin/getEmployeeConsultRoomVo.json | /admin/getNowCallingCheckinQueue.json | /admin/selectConsultRoomVoListOfCompany.json | /admin/selectCustomerCheckinVoListOfCompany.json | /admin/selectEmployeeCheckinQueueVoList.json | /admin/setConsultRoomOfEmployee.json | /admin/setEmployeeConsultRoomStatus.json
queueMachineCtrl,5,/admin/deleteQueueMachine.json | /admin/getCompanyList.json | /admin/getQueueMachineVo.json | /admin/selectQueueMachineVoList.json | /auth/getMyAdminCorpList.json
queueMachineConfigCtrl,2,/admin/getQueueMachineVo.json | /admin/updateQueueMachine.json
screenQueueCtrl,2,/admin/getNowCallingCheckinQueueOfBigScreen.json | /admin/selectBigScreenQueueVoList.json
addCouponCtrl,6,/admin/createCoupon.json | /admin/getCustomerCouponVo.json | /admin/selectCustomerCouponVoList.json | /admin/selectCustomerList.json | /admin/useCoupon.json | /auth/isAdminTokenOk.json
couponListCtrl,4,/admin/invalidCoupon.json | /admin/selectCouponVoList.json | /admin/selectCustomerCouponVoList.json | /admin/updateNews.json
modifyCouponCtrl,6,/admin/activeCoupon.json | /admin/getCouponVo.json | /admin/selectCustomerList.json | /admin/updateActiveCoupon.json | /admin/updateCreatingCoupon.json | /auth/isAdminTokenOk.json
analysisCtrl,0,
conversionFunnelCtrl,4,/admin/getCompanyListOfMine.json | /admin/statCustomerFunnelData.json | /admin/statLossCustomerChannelTagData.json | /admin/statValidDealCustomerChannelTagData.json
followUpCtrl,3,/admin/getCompanyListOfMine.json | /admin/getMemberList.json | /admin/selectMedicalRecordCourseDataPage.json
followUpAnalysisCtrl,2,/admin/getCompanyListOfMine.json | /admin/statMedicalRecordCourseFollowUpData.json
followUpDetailsCtrl,2,/admin/getDataMedicalRecordCourseDetail.json | /admin/selectVisionRecordVoListOfCourse.json
profileAnalysisCtrl,4,/admin/getCompanyListOfMine.json | /admin/selectYmCustomerChannelTagDataList.json | /admin/statCustomerPersonaData.json | /admin/statCustomerRfmLabelData.json
rfmModelCtrl,4,/admin/getCompanyListOfMine.json | /admin/selectCustomerFmStatDataList.json | /admin/selectCustomerRfmVoList.json | /admin/selectYmCustomerRStatDataList.json
blueToothTransferCtrl,5,/admin/reTransferOtherEyeCheckLogList.json | /admin/saveOtherSystem.json | /admin/selectOtherEyeCheckLogList.json | /admin/selectOtherSystemByCorpId.json | /admin/selectSchoolMateCheckSendLogVoList.json
detectionLogCtrl,4,/admin/countSchoolMateCheckListOfSchoolPlan.json | /admin/getDefaultSchoolPlanByAdminId.json | /admin/selectSchoolMateCheckSendLogVoList.json | /admin/sendSchoolMateCheckListOfSchoolPlan.json
getGlassNotifyListCtrl,2,/admin/getMedicalRecordListOfReceiveSms.json | /admin/sendTakeMirrorNotice.json
addGrouponCtrl,8,/admin/createGrouponProduct.json | /admin/deleteGrouponProduct.json | /admin/getAdminInfo.json | /admin/getGrouponProductVo.json | /admin/invalidGrouponProduct.json | /admin/selectGrouponOrderVoList.json | /admin/selectGrouponProductVoList.json | /admin/updateAdminInfo.json
companyCtrl,4,/admin/getCorpInfo.json | /admin/getCorpTypeConfVo.json | /admin/updateCorpInfo.json | /admin/updateCorpTypeConf.json
homeCtrl,5,/admin/getAdminSystemNoticeVo.json | /admin/getCorpTimeData.json | /admin/readAdminSystemNotice.json | /admin/selectAdminSystemNoticeVoList.json | /admin/selectCorpSmsByCorpId.json
homeAnnouncementCtrl,1,/admin/selectAdminSystemNoticeVoList.json
homeAnnouncementDetailsCtrl,1,/admin/getAdminSystemNoticeVo.json
loginCtrl,6,/admin/getCompanyOfMine.json | /admin/getCorpTypeConfVo.json | /auth/adminLogin.json | /auth/adminSendPass.json | /auth/getMyAdminCorpList.json | /auth/isAdminTokenOk.json
modifyPasswordCtrl,3,/admin/getAdminInfo.json | /admin/modifyPass.json | /admin/sendCodeToMe.json
testPageCtrl,4,/admin/checkSchoolBodyCheckInfoVersion.json | /admin/saveSchoolBodyCheckInfo.json | /admin/selectSchoolMateCheckVoList.json | /admin/selectSchoolPromotionListVoList.json
workBeachCtrl,17,/admin/addDepartment.json | /admin/addHospital.json | /admin/employeeSubscribeMessage.json | /admin/getAllCityMap.json | /admin/getAppointPatientVo.json | /admin/getCompanyOfMine.json | /admin/getCorpConf.json | /admin/getEmployeeSchedulingWeekVoOfEmployee.json | /admin/getLoginEmployee.json | /admin/saveEmployeeAvatar.json | /admin/selectEmployeeAppointByWeek.json | /admin/selectMessageCategoryList.json | /admin/selectMessageLogList.json | /admin/updateAdminReadStatusToIgnore.json | /admin/updateAdminReadStatusToRead.json | /admin/updateAllAdminReadStatusToIgnore.json | /auth/isAdminTokenOk.json
adminClinicCtrl,6,/admin/addConsultRoom.json | /admin/getConsultRoomVo.json | /admin/getExamineVoList.json | /admin/selectConsultRoomVoListOfCompany.json | /admin/updateConsultRoomInfo.json | /admin/updateConsultRoomStatus.json
adminMapCtrl,4,/admin/getAllCityMap.json | /admin/getDepartmentList.json | /admin/getHospitalInfo.json | /admin/updateHospitalMap.json
employeeListCtrl,3,/admin/selectEmployeeVoList.json | /admin/setDoctorApproved.json | /admin/setEmployeeRank.json
hospitalListCtrl,8,/admin/changeCompanyStatus.json | /admin/deleteDepartment.json | /admin/getCompanyList.json | /admin/getDepartmentInfo.json | /admin/getHospitalInfo.json | /admin/saveEmployeeAvatar.json | /admin/updateDepartment.json | /admin/updateHospital.json
updateHospitalCtrl,1,/admin/getHospitalInfo.json
hospitalRechargeCtrl,5,/admin/commitAddHospitalBanlance.json | /admin/getCompanyList.json | /admin/getHospitalInfo.json | /admin/getHospitalWallet.json | /admin/initAddHospitalBanlance.json
companyStockListCtrl,7,/admin/closeMedicalStockLoss.json | /admin/completeMedicalStockLoss.json | /admin/getChainMachineCenterOfMine.json | /admin/getCompanyMachineCenterOfMine.json | /admin/getMedicalStockLossVo.json | /admin/isAdminRoleStateOK.json | /admin/selectMedicalStockLossVoList.json
machineOrderCtrl,9,/admin/closeMachineCenterOrder.json | /admin/completeMachineCenterOrder.json | /admin/getCanBeProcessSkuInListOfProduct.json | /admin/getMachineCenterOrder.json | /admin/getMedicalRecord.json | /admin/getMethodGlassRecordVo.json | /admin/saveToBeProcessSkuInListOfProduct.json | /admin/selectInStoreMachineCenterCashflowVoList.json | /admin/startMachineCenterOrder.json
machineOrderBrokenCtrl,4,/admin/completeMachineCenterOrder.json | /admin/createMedicalStockLoss.json | /admin/getAdminInfo.json | /admin/getMachineCenterCashflowVo.json
machineOrderWaitProcessCtrl,1,/admin/getMedicalStockLossVo.json
stockLossListCtrl,5,/admin/getChainMachineCenterOfMine.json | /admin/getCompanyMachineCenterOfMine.json | /admin/getMedicalStockLossVo.json | /admin/selectMedicalStockLossVoList.json | /admin/statMachineCenterCashflowStatusCount.json
addDeliveryCtrl,6,/admin/createStockOutAndSkuList.json | /admin/getBrandListOfProduct.json | /admin/getProductSkuInVoList.json | /admin/getStorehouseVo.json | /admin/selectEmployeeByName.json | /admin/selectStorehouseVoList.json
addDeliveryCustomerCtrl,5,/admin/createStockOutAndSkuList.json | /admin/getBrandListOfProduct.json | /admin/getProductSkuInVoList.json | /admin/selectEmployeeByName.json | /admin/selectStorehouseVoList.json
addInventoryCtrl,6,/admin/createStockTakingAndSkuList.json | /admin/getBrandListOfProduct.json | /admin/getCategoryTree2Level.json | /admin/getStockInSkuVoList.json | /admin/getStorehouseVo.json | /admin/selectStorehouseVoList.json
addMultiDeliveryCtrl,6,/admin/createStockOutBatchFileTask.json | /admin/getBrandListOfProduct.json | /admin/getCategoryTree2Level.json | /admin/getProductSkuInVoList.json | /admin/getStorehouseVo.json | /admin/selectStorehouseVoList.json
addMultiReceiptsCtrl,6,/admin/createStockInBatchFileTask.json | /admin/getBrandListOfProduct.json | /admin/getCategoryTree2Level.json | /admin/getProductSkuVoList.json | /admin/getStorehouseVo.json | /admin/selectStorehouseVoList.json
addProductBivariateTableCtrl,4,/admin/createStockTakingByProductSku.json | /admin/getStockCountForTwoDimensionalTable.json | /admin/getStorehouseVo.json | /admin/selectStorehouseVoList.json
addProductDeliveryCtrl,6,/admin/createStockOutByProductSku.json | /admin/getBrandListOfProduct.json | /admin/getProductSkuInVoList.json | /admin/getStorehouseVo.json | /admin/selectEmployeeByName.json | /admin/selectStorehouseVoList.json
addProductInventoryCtrl,5,/admin/createStockTakingByProductSku.json | /admin/getCategoryTree2Level.json | /admin/getProductSkuInVoList.json | /admin/getStorehouseVo.json | /admin/selectStorehouseVoList.json
addPurchasementCtrl,8,/admin/createPurchaseRequestAndSkuList.json | /admin/createStockPurchaseAndSkuList.json | /admin/getBrandListOfProduct.json | /admin/getCategoryTree2Level.json | /admin/getProductSkuExistCountVoList.json | /admin/selectStorehouseVoList.json | /admin/viewPurchaseRequestSkuVoList.json | /admin/viewStockPurchaseSkuVoList.json
addReceiptCtrl,7,/admin/changeToProductSkuVoList.json | /admin/createStockInAndSkuList.json | /admin/getBrandListOfProduct.json | /admin/getProductSkuPlaneVo.json | /admin/getProductVoList.json | /admin/getStorehouseVo.json | /admin/selectStorehouseVoList.json
addSalePurchaseCtrl,6,/admin/createStockPurchaseAndSkuList.json | /admin/getBrandListOfProduct.json | /admin/getCategoryTree2Level.json | /admin/selectMedicalProductSkuUseVoList.json | /admin/selectStorehouseVoList.json | /admin/viewStockPurchaseSkuVoList.json
addStockChangeCtrl,4,/admin/createStockTransferAndSkuList.json | /admin/getBrandListOfProduct.json | /admin/getProductSkuInVoList.json | /admin/selectStorehouseVoList.json
addStockProductChangeCtrl,6,/admin/createStockTransferByProductSku.json | /admin/getBrandListOfProduct.json | /admin/getProductSkuInVoList.json | /admin/getStockTransferVo.json | /admin/selectSettlementBySupplier.json | /admin/selectStorehouseVoList.json
adminBillDetialCtrl,10,/admin/cancelStockOutForPurchaseOut.json | /admin/completeSupplierSettlement.json | /admin/completeSupplierSettlementBack.json | /admin/createStockSettlementFromTranferOrBack.json | /admin/getStockOutVo.json | /admin/getStockSettlementVoDetail.json | /admin/getSupplier.json | /admin/getUnPaymentOfStockSettlement.json | /admin/selectStockSettlementVoList.json | /admin/verifySettlement.json
deliveryDetailCtrl,1,/admin/getStockOutVo.json
deliveryModifyCtrl,4,/admin/checkStockOut.json | /admin/getStockOutVo.json | /admin/selectEmployeeByName.json | /admin/udpateStockOutAndSkuList.json
deliveryProductModifyCtrl,5,/admin/commitStockOutByProductSku.json | /admin/getStockOutProductVoList.json | /admin/getStockOutVo.json | /admin/selectEmployeeByName.json | /admin/updateStockOutByProductSku.json
goodsCtrl,7,/admin/checkStockTaking.json | /admin/commitStockTakingByProductSku.json | /admin/getChildrenLinkAndCode.json | /admin/getStockTakingProductVoList.json | /admin/getStockTakingVo.json | /admin/updateStockTakingAndSkuList.json | /admin/updateStockTakingByProductSku.json
materialDeliveryCtrl,14,/admin/deleteStockIn.json | /admin/deleteStockOut.json | /admin/deleteStockTaking.json | /admin/getCorpInfo.json | /admin/getStockInVoList.json | /admin/getStockOutProductVoList.json | /admin/getStockOutVo.json | /admin/getStockOutVoList.json | /admin/getStockTakingProductVoList.json | /admin/getStockTakingVo.json | /admin/getStockTakingVoList.json | /admin/getStorehouseVo.json | /admin/isAdminRoleStateOK.json | /admin/selectStorehouseVoList.json
materialPurchaseCtrl,14,/admin/cancelStockPurchase.json | /admin/commitStockPurchaseList.json | /admin/commitStockPurchaseOut.json | /admin/deleteStockPurchase.json | /admin/getChildrenLinkAndCode.json | /admin/getCorpInfo.json | /admin/getPurchaseRequestVoList.json | /admin/getStockPurchaseOutSkuList.json | /admin/getStockPurchaseVo.json | /admin/getStockPurchaseVoList.json | /admin/getStorehouseVo.json | /admin/getSupplier.json | /admin/reCreateStockPurchaseAndSkuList.json | /admin/updateStockPurchaseOutSkuList.json
materialPurchaseBackLookCtrl,5,/admin/createStockPurchaseOutAndSkuList.json | /admin/getBrandListOfProduct.json | /admin/getProductSkuInVoList.json | /admin/getStockPurchaseOutSkuList.json | /admin/getStorehouseVo.json
materialPurchaseRequestCtrl,11,/admin/commitPurchaseRequestList.json | /admin/delStockPurchaseOutByIdBeforeCheckd.json | /admin/deletePurchaseRequest.json | /admin/getCorpInfo.json | /admin/getPurchaseRequestVoList.json | /admin/getPurchaseRequestVoListOfCompany.json | /admin/getStockPurchaseOutList.json | /admin/getStockPurchaseOutSkuList.json | /admin/getStorehouseListOfMine.json | /admin/getSupplier.json | /admin/reSendPurchaseRequest.json
materialReceiptsCtrl,4,/admin/deleteStockIn.json | /admin/getStockInVoList.json | /admin/isAdminRoleStateOK.json | /admin/selectStorehouseVoList.json
modifyStockChangeCtrl,4,/admin/checkStockTransfer.json | /admin/getStockTransferVo.json | /admin/selectStorehouseVoList.json | /admin/updateStockTransferAndSkuList.json
modifyStockProductChangeCtrl,6,/admin/commitStockTransferByProductSku.json | /admin/getStockPurchaseVo.json | /admin/getStockTransferProductVoList.json | /admin/getStockTransferVo.json | /admin/selectStorehouseVoList.json | /admin/updateStockTransferByProductSku.json
purchaseModifyCtrl,25,/admin/checkDeletePurchaseRequestSku.json | /admin/checkDeleteStockPurchaseSku.json | /admin/commitPurchaseRequest.json | /admin/commitStockPurchase.json | /admin/commitStockPurchaseIn.json | /admin/computePrice.json | /admin/createStockPurchaseFromRequest.json | /admin/createStockPurchaseInAndSkuList.json | /admin/deletePurchaseRequest.json | /admin/getChildrenLinkAndCode.json | /admin/getCompanyList.json | /admin/getCorpInfo.json | /admin/getPurchaseRequestVo.json | /admin/getPurchaseRequestVoList.json | /admin/getStockPurchaseVo.json | /admin/getStockPurchaseVoWithExistSkuCount.json | /admin/getStorehouseVo.json | /admin/getSupplierList.json | /admin/isPurchaseRequestProcessed.json | /admin/mergePurchaseRequestSku.json | /admin/selectModelValueList.json | /admin/selectStockPurchaseInVoList.json | /admin/selectStorehouseVoList.json | /admin/updatePurchaseRequestAndSkuList.json | /admin/updateStockPurchaseAndSkuList.json
receiptDetailCtrl,6,/admin/getSkuCodeVoListOfStockIn.json | /admin/getStockConf.json | /admin/getStockInSkuVoListOfStockIn.json | /admin/getStockInVo.json | /admin/selectCloudPrinterList.json | /admin/sendSkuToCloudPrinter.json
receiptInvalidCtrl,4,/admin/cancelStockIn.json | /admin/cancelStockInSku.json | /admin/getStockInSkuVoListOfStockIn.json | /admin/getStockInVo.json
receiptModifyCtrl,5,/admin/checkStockIn.json | /admin/computePrice.json | /admin/getStockInSkuVoListOfStockIn.json | /admin/getStockInVo.json | /admin/updateStockInAndSkuList.json
stockChangeCtrl,8,/admin/completeStockTransfer.json | /admin/deleteStockTransfer.json | /admin/getCorpInfo.json | /admin/getStockTransferProductVoList.json | /admin/getStockTransferVo.json | /admin/getStockTransferVoList.json | /admin/isAdminRoleStateOK.json | /admin/selectStorehouseVoList.json
stockListCtrl,6,/admin/getBrandListOfProduct.json | /admin/getCategoryTree2Level.json | /admin/getChildrenLinkAndCode.json | /admin/getStockInSkuVo.json | /admin/getStockInSkuVoList.json | /admin/selectStorehouseVoList.json
stockListsCtrl,10,/admin/getBrandListOfProduct.json | /admin/getCategoryTree2Level.json | /admin/getChildrenLinkAndCode.json | /admin/getLimitStorehouseListOfCorp.json | /admin/getProductSkuCountInStorehouseVoList.json | /admin/getProductSkuInVoList.json | /admin/getStockInSkuVo.json | /admin/getStockInSkuVoList.json | /admin/selectStorehouseExistSkuCountVoList.json | /admin/selectStorehouseVoList.json
stockListssCtrl,6,/admin/completeStockTransfer.json | /admin/createPromotion.json | /admin/getStockCountForTwoDimensionalTable.json | /admin/getStockTransferProductVoList.json | /admin/getStockTransferVo.json | /admin/selectStorehouseVoList.json
addSecKillProductCtrl,4,/admin/activeSeckillProduct.json | /admin/createSeckillProduct.json | /admin/getCustomerCashflowDataPage.json | /admin/selectLatestRecord.json
groupSendCtrl,11,/admin/createTemplateBatchSendTask.json | /admin/getCompanyListOfMine.json | /admin/getHospitalInfo.json | /admin/getMemberList.json | /admin/getOrderBrandList.json | /admin/getOrderCategoryList.json | /admin/getPatientMemberDataList.json | /admin/getTaskTemplateBatchSendVo.json | /admin/selectCorpSmsByCorpId.json | /admin/selectCorpVoiceByCorpId.json | /admin/selectTagList.json
groupSendLookCtrl,1,/admin/selectTaskTemplateBatchSendLogVoList.json
memberCtrl,28,/admin/changeCustomerMember.json | /admin/commitCustomerPointLog.json | /admin/createBatchFileTask.json | /admin/createCustomerBatchFileTask.json | /admin/disableCustomers.json | /admin/enableCustomers.json | /admin/getCompanyListOfMine.json | /admin/getCorpPointRule.json | /admin/getCustomerCard.json | /admin/getCustomerMember.json | /admin/getCustomerMemberDataList.json | /admin/getCustomerMemberDataListOfCompany.json | /admin/getCustomerPoint.json | /admin/getMemberList.json | /admin/getOrderBrandList.json | /admin/getOrderCategoryList.json | /admin/getTag.json | /admin/initAddCustomerPoint.json | /admin/initSubCustomerPoint.json | /admin/insertCustomerTags.json | /admin/insertTag.json | /admin/selectCustomerCouponVoList.json | /admin/selectCustomerPointLogVoList.json | /admin/selectTagByName.json | /admin/selectTagList.json | /admin/selectWecomTagList.json | /admin/updateExtCardNo.json | /auth/isAdminTokenOk.json
memberRecyleCtrl,11,/admin/deleteTag.json | /admin/enableCustomers.json | /admin/getCustomerMemberDataList.json | /admin/getCustomerMemberDataListOfCompany.json | /admin/getPromotionQrcode.json | /admin/getPromotionVo.json | /admin/insertTag.json | /admin/selectTagByName.json | /admin/selectTagList.json | /admin/updatePromotion.json | /admin/updateTagName.json
modifySecKillProductCtrl,13,/admin/activeSeckillProduct.json | /admin/getCustomerCouponVo.json | /admin/getOrderVo.json | /admin/getPatientVoList.json | /admin/getSeckillProductVo.json | /admin/selectCouponVoList.json | /admin/selectCustomerCouponVoList.json | /admin/selectOrderVoListOfSeckillProduct.json | /admin/selectPromotionVoList.json | /admin/sendCoupon.json | /admin/statCustomerCouponStatus.json | /admin/updateSeckillProduct.json | /admin/useCoupon.json
recommendDetailCtrl,4,/admin/getDefaultSchoolPlanByAdminId.json | /admin/getSchoolClassList.json | /admin/selectInYearListBySchoolPlan.json | /admin/selectSchoolIntentionVoList.json
recommendPhoneListCtrl,12,/admin/assignRecommendPhoneList.json | /admin/getCorpPointRule.json | /admin/getFundusCheckRecordListOfCustomer.json | /admin/getRecommendPhoneVo.json | /admin/getSchoolMateCheckVoOfCustomer.json | /admin/getSchoolMateCheckVoOfRecommendPhone.json | /admin/giveFirstReward.json | /admin/giveSecondReward.json | /admin/linkRecommendPhone.json | /admin/selectEmployeeVoListOfMyCompany.json | /admin/selectOrderVoListByCustomerId.json | /admin/selectRecommendPhoneVoList.json
recommendTableCtrl,3,/admin/getDefaultSchoolPlanByAdminId.json | /admin/getSchoolClassList.json | /admin/selectInYearListBySchoolPlan.json
requirementCtrl,3,/admin/deleteSmsRequirement.json | /admin/getSmsRequirement.json | /admin/selectSmsRequirementList.json
requirementStatusCtrl,2,/admin/cancelSmsRequirement.json | /admin/getRequirementOrderVo.json
secKillProductDetailCtrl,12,/admin/commitRefundOrderLog.json | /admin/createRefundOrderLog.json | /admin/deliveryOrder.json | /admin/getOrderVo.json | /admin/getPromotionQrcode.json | /admin/getPromotionVo.json | /admin/getSeckillProductVo.json | /admin/invalidSeckillProduct.json | /admin/pickUpOrder.json | /admin/selectOrderVoListByCorpId.json | /admin/selectPromotionVoList.json | /admin/selectSeckillProductVoList.json
sendPlatformCtrl,2,/admin/cancelTemplateBatchSendTask.json | /admin/selectTaskTemplateBatchSendList.json
updateMemberCtrl,7,/admin/disBandingWechatByCustomerId.json | /admin/getBandingWechatQrcode.json | /admin/getCustomerVo.json | /admin/isBandingWechat.json | /admin/saveCustomerInfo.json | /admin/selectTagList.json | /admin/updateCustomerTags.json
updatePatientCtrl,2,/admin/getPatientInfo.json | /admin/savePatientInfo.json
addSaleRecordCtrl,2,/admin/addMedicalRecord.json | /admin/getHaveOrderMedicalRecordVoList.json
adminMyRecordCtrl,5,/admin/getCustomerVo.json | /admin/getMedicalRecord.json | /admin/getPatientInfo.json | /admin/selectCorpMedicalConfByCorpId.json | /admin/statMedicalRecordFeeCount.json
adminSalesRecordCtrl,3,/admin/getCustomerVo.json | /admin/getMedicalRecord.json | /admin/getPatientInfo.json
customerProductRecordCtrl,9,/admin/checkBeforeDeleteMedicalProduct.json | /admin/getBrandListOfProduct.json | /admin/getMedicalProductModelList.json | /admin/getMedicalRecord.json | /admin/getProductSkuModelVoList.json | /admin/getStorehouseVo.json | /admin/saveMedicalProductModelList.json | /admin/selectModelValueList.json | /admin/selectStorehouseListOfCompany.json
drugPrescriptionCtrl,8,/admin/checkBeforeDeleteMedicalProduct.json | /admin/getMedicalProductVoList.json | /admin/getMethodGlassRecordVo.json | /admin/getProductSkuExistCountVoList.json | /admin/getVisionRecordVo.json | /admin/saveMedicalProductList.json | /admin/selectStorehouseListOfCompany.json | /admin/updateMethodGlassRecord.json
followListCtrl,12,/admin/addRemind.json | /admin/cancelFollowUp.json | /admin/getAdminInfo.json | /admin/getCompanyList.json | /admin/getCorpInfo.json | /admin/getIntroducerList.json | /admin/getMedicalRecord.json | /admin/getOkReceivedRecordVo.json | /admin/saveOkReceivedRecord.json | /admin/selectEmployeeByName.json | /admin/selectFollowUpVoList.json | /admin/selectRemindList.json
myCheckBillCtrl,8,/admin/checkBeforeDeleteMedicalExamine.json | /admin/getCompanyCashConf.json | /admin/getExamineVoList.json | /admin/getMedicalExamineVoList.json | /admin/getVisionRecordVo.json | /admin/saveMedicalExamineVoList.json | /admin/selectPackageVoList.json | /admin/startExamine.json
myMaterialBillCtrl,18,/admin/checkBeforeDeleteMedicalProduct.json | /admin/getBrandListOfProduct.json | /admin/getCustomerVo.json | /admin/getMedicalProductVoList.json | /admin/getMedicalRecord.json | /admin/getMedicalRecordList.json | /admin/getMedicalRecordListOfDoctor.json | /admin/getMethodGlassRecordVo.json | /admin/getPackageProductVo.json | /admin/getPatientInfo.json | /admin/getProductSkuExistCountVoList.json | /admin/getStockConf.json | /admin/getStorehouseVo.json | /admin/saveMedicalProductList.json | /admin/selectPackageVoList.json | /admin/selectStorehouseExistSkuCountVoList.json | /admin/selectStorehouseListOfCompany.json | /admin/viewSalesRecordFee.json
myMemberCtrl,5,/admin/beginCustomerCheckin.json | /admin/getMedicalRecord.json | /admin/receiveSelfAndBeginCustomerCheckin.json | /admin/selectCustomerCheckinVoListOfCompany.json | /admin/selectCustomerCheckinVoListOfEmployee.json
myMemberRecordCtrl,10,/admin/addRegistrationFee.json | /admin/getCorpInfo.json | /admin/getExamineVoList.json | /admin/getMedicalRecord.json | /admin/getRegistrationFee.json | /admin/getVisionRecordVo.json | /admin/insertMedicalRecordTemplate.json | /admin/selectEmployeeByName.json | /admin/selectMedicalRecordTemplateVoList.json | /admin/updateMedicalRecord.json
prescriptionCtrl,4,/admin/getMedicalRecord.json | /admin/getMethodGlassRecordVo.json | /admin/selectEmployeeVoListOfMyCompany.json | /admin/updateMethodGlassRecord.json
prescriptsRecordCtrl,10,/admin/getCompanyList.json | /admin/getCorpInfo.json | /admin/getIntroducerList.json | /admin/getMedicalRecord.json | /admin/getMethodGlassRecordVo.json | /admin/getOkReviewRecordVo.json | /admin/getVisionRecordVo.json | /admin/saveOkReviewRecord.json | /admin/selectEmployeeByName.json | /admin/updateMethodGlassRecord.json
timeCardCtrl,16,/admin/consumeCustomerTrainerCardNumbers.json | /admin/deleteNews.json | /admin/getCompanyOfMine.json | /admin/getCustomerTrainerCard.json | /admin/getNews.json | /admin/getNewsCategoryTree2Level.json | /admin/insertNews.json | /admin/investMoneyForCustomerTrainerCard.json | /admin/selectCustomerList.json | /admin/selectCustomerTrainerCardVoList.json | /admin/selectEmployeeVoListOfMyCompany.json | /admin/selectFirstCustomerTrainerCardLog.json | /admin/selectNewsList.json | /admin/selectPosDeviceListOfCompany.json | /admin/selectTrainerCardList.json | /admin/updateNews.json
optometryCtrl,16,/admin/beginCustomerCheckin.json | /admin/cancelMedicalRecord.json | /admin/completeMedicalRecordDelivery.json | /admin/confirmMedicalRecordReturn.json | /admin/createMedicalStockLossOfSmallVersion.json | /admin/getAdminInfo.json | /admin/getCanBeDeliverySkuInListOfProduct.json | /admin/getCompanyOfMine.json | /admin/getLoginEmployee.json | /admin/getMedicalRecordFlowVo.json | /admin/insertCustomerCheckin.json | /admin/selectMedicalProductStockList.json | /admin/selectMedicalRecordFlowVoList.json | /admin/sendTakeMirrorNotice.json | /admin/setMedicalRecordProcessMode.json | /admin/stateTodoMedicalRecordCount.json
optometryGlassesCtrl,10,/admin/checkBeforeDeleteMedicalProduct.json | /admin/getCompanyOfMine.json | /admin/getMedicalProductVoList.json | /admin/getMedicalRecord.json | /admin/getMethodGlassRecordVo.json | /admin/getProductSkuExistCountVoList.json | /admin/saveMedicalProductListOfSmallVersion.json | /admin/selectEmployeeVoListOfMyCompany.json | /admin/selectStorehouseListOfCompany.json | /admin/updateMethodGlassRecord.json
optometryListCtrl,3,/admin/changeUartDeviceStatus.json | /admin/getOkOrderRecordVoList.json | /admin/getUartDeviceTypeList.json
pointsListCtrl,7,/admin/clearCustomerPoint.json | /admin/commitCustomerPointLog.json | /admin/getCorpPointRule.json | /admin/getCustomerPoint.json | /admin/selectCustomerPointLogVoList.json | /admin/selectCustomerPointVoList.json | /admin/selectTagList.json
purchaseCtrl,2,/admin/getChildrenLinkAndCode.json | /admin/getPurchaseRequestVoList.json
backGoodRecordCtrl,2,/admin/getSupplier.json | /admin/selectRefundProductLogVoList.json
customerChannelRateCtrl,1,/admin/getChannelTagTreeVoPage.json
deliveryReportListCtrl,2,/admin/getSupplier.json | /admin/selectMedicalProductDeliveryVoList.json
deliveryRecordPortCtrl,2,/admin/getStockOutSkuDataList.json | /admin/getSupplier.json
feeBankCardCtrl,1,/admin/selectCustomerWalletVoList.json
feeCashierCtrl,3,/admin/getCorpPayChannel.json | /admin/selectCashRegisterVoList.json | /admin/statCashRegisterByType.json
feeDayCtrl,3,/admin/getCorpPayChannel.json | /admin/getSchoolVoList.json | /admin/statMedicalRecordCashflow.json
feeMonthCtrl,2,/admin/getCorpPayChannel.json | /admin/statMedicalRecordFeeYmdList.json
feeRechargeCtrl,1,/admin/selectCustomerWalletLogVoList.json
hospitalReportCtrl,1,/admin/selectCompanyDayReportVoList.json
jxcRecordCtrl,3,/admin/getSupplier.json | /admin/selectStockInSkuDataVoList.json | /admin/selectStorehouseVoList.json
machineProcessListCtrl,4,/admin/getSupplier.json | /admin/selectCustomerPointVoList.json | /admin/selectMachineCenterOrderRecordVoList.json | /admin/selectMachineCenterVoList.json
pointsListReChargeCtrl,1,/admin/selectCustomerPointLogVoList.json
profitReportCtrl,3,/admin/getCompanyList.json | /admin/getSupplier.json | /admin/selectProductSkuSalesDataList.json
receiptRecordCtrl,2,/admin/getStockInSkuDataList.json | /admin/getSupplier.json
refundFeeCtrl,3,/admin/getCorpPayChannel.json | /admin/getSchoolVoList.json | /admin/selectCashflowRefundFeeVoList.json
reportCtrl,1,/admin/getChildrenLinkAndCode.json
reportOperateCtrl,6,/admin/getCustomerDataBetween.json | /admin/getOkSalesDataBetween.json | /admin/getYmOkSalesDataList.json | /admin/selectCustomerCreditLogVoList.json | /admin/selectCustomerCreditVoList.json | /admin/statCustomerWalletAndTrainerCard.json
reportSaleCtrl,0,
saleListCtrl,2,/admin/getSupplier.json | /admin/selectProductSkuSalesDataList.json
saleRecordCtrl,2,/admin/getSupplier.json | /admin/selectMedicalProductSalesVoList.json
satisfyDetailRateCtrl,2,/admin/selectCommentEmployeeVoList.json | /admin/statCommentEmployee.json
singleHospitalProfitCtrl,1,/admin/getCompanySalesDataList.json
successRateCtrl,1,/admin/selectMedicalProductKpiDataListOfEmployee.json
timecardBlanceCtrl,2,/admin/getCompanyListOfMine.json | /admin/selectCustomerTrainerCardDataListForStatBalance.json
timecardPerformanceCtrl,2,/admin/getCompanyListOfMine.json | /admin/selectCustomerTrainerCardDataListForStatGoals.json
timeCardRechargeCtrl,2,/admin/selectCustomerCreditVoList.json | /admin/selectCustomerTrainerCardVoListForDetailReport.json
unPayRechargeCtrl,1,/admin/selectCustomerCreditLogVoList.json
accessReportCtrl,4,/admin/getDefaultSchoolPlanRootByAdminId.json | /admin/getSchoolMateCheckVoForManage.json | /admin/getSchoolMateCheckVoManageList.json | /admin/getSecondCheckQualifyDataManageVo.json
addSchoolCtrl,3,/admin/getSchoolLevelList.json | /admin/insertAddress.json | /admin/insertSchool.json
addSchoolPlanCtrl,8,/admin/createPromotionOfSchool.json | /admin/getSchoolClass.json | /admin/getSchoolClassList.json | /admin/getSchoolInfo.json | /admin/getSchoolList.json | /admin/getSchoolTeacherList.json | /admin/insertSchoolPlan.json | /admin/insertSchoolPlanRoot.json
classListCtrl,10,/admin/batchInsertSchoolClass.json | /admin/batchInsertSchoolClassByNames.json | /admin/deleteSchoolClass.json | /admin/getInYearList.json | /admin/getSchoolClass.json | /admin/getSchoolClassList.json | /admin/getSchoolInfo.json | /admin/insertSchoolClass.json | /admin/splitStringToArray.json | /admin/updateSchoolClass.json
classReportInschoolCtrl,9,/admin/getReportStatusOfSchoolAdmin.json | /admin/getSchoolCheckConf.json | /admin/getSchoolClassList.json | /admin/getSchoolLevelList.json | /admin/printSchoolPromotionListVoList.json | /admin/saveSchoolCheckCodeType.json | /admin/selectInYearListBySchoolPlan.json | /admin/selectMyAdminSchoolVoListOfSchoolPlan.json | /admin/selectSchoolPlanListBySchool.json
cloudPrinterListCtrl,8,/admin/addPrinter.json | /admin/cleanPrinterTask.json | /admin/deletePrinter.json | /admin/getCloudPrinterVo.json | /admin/selectCloudPrinterVoList.json | /admin/testPrinter.json | /admin/updateCloudPrinterInfo.json | /admin/updateCloudPrinterStatus.json
contrastReportByAreaCtrl,2,/admin/basicStatVisionOfManage.json | /admin/getDefaultSchoolPlanRootByAdminId.json
contrastReportInschoolCtrl,6,/admin/basicStatGenderVision.json | /admin/getReportStatusOfSchoolAdmin.json | /admin/getSchoolClassList.json | /admin/selectInYearListBySchoolPlan.json | /admin/selectMyAdminSchoolVoListOfSchoolPlan.json | /admin/selectSchoolPlanListBySchool.json
dataChartCtrl,8,/admin/basicStatVisionOfManage.json | /admin/basicStatVisionOfManageOfArea.json | /admin/basicStatVisionOfManageOfCheckYear.json | /admin/basicStatVisionOfManageOfGender.json | /admin/basicStatVisionOfManageOfLast3Year.json | /admin/basicStatVisionOfManageOfSchoolLevel.json | /admin/getArea.json | /admin/getDefaultSchoolPlanRootByAdminId.json
exportrecCtrl,6,/admin/basicStatGenderVision.json | /admin/getDefaultSchoolPlanByAdminId.json | /admin/getSchoolClassList.json | /admin/selectInYearListBySchoolPlan.json | /admin/selectSchoolMateCheckVoList.json | /admin/statVisionOfSchool.json
fundusCtrl,4,/admin/deleteFundusDevice.json | /admin/getFundusDevice.json | /admin/selectFundusDeviceList.json | /admin/updateFundusDeviceStatus.json
fundusLogCtrl,1,/admin/selectFundusCheckRecordDetialVoList.json
healthScreenConfigCtrl,3,/admin/getBodyCheckVoList.json | /admin/initBodyCheck.json | /admin/saveSchoolCheckConf.json
inspectionCtrl,6,/admin/getDefaultSchoolPlanByAdminId.json | /admin/getSchoolCheckConf.json | /admin/getSchoolMateCheckVo.json | /admin/getSchoolMateCheckVoListOfSecond.json | /admin/getSecondCheckQualifyDataVo.json | /admin/saveSchoolCheckSecondCheckEnable.json
markOriginSetCtrl,8,/admin/addEmployeeSchedulingAndDetail.json | /admin/addEmployeeSchedulingTempNumber.json | /admin/copyLastWeek.json | /admin/delEmployeeSchedulingAndDetail.json | /admin/getEmployeeSchedulingDetailTimeVo.json | /admin/getEmployeeSchedulingWeekVoOfCompany.json | /admin/selectEmployeeSchedulingDetailListOfCompany.json | /admin/selectEmployeeSchedulingDetailTimeVoList.json
mateCheckReportConfigCtrl,0,
mateCheckReportListNewCtrl,0,
mateProgressReportCtrl,4,/admin/completeSchoolPlanSchool.json | /admin/getDefaultSchoolPlanByAdminId.json | /admin/selectVisionGroupList.json | /admin/statSchoolComplete.json
medicalConfigCtrl,6,/admin/getBodyCheck.json | /admin/getBodyCheckItem.json | /admin/getSchoolMateCheckPrintConf.json | /admin/setBodyCheckItemPrintDisable.json | /admin/setBodyCheckPrintDisable.json | /admin/updateSchoolMateCheckPrintConfImageUrl.json
modifyHealthScreenCtrl,8,/admin/checkSchoolBodyCheckInfoVersion.json | /admin/getBodyCheckList.json | /admin/getSchoolBodyCheckInfo.json | /admin/getSchoolBodyCheckPsychologyVo.json | /admin/getSchoolMateCheckVo.json | /admin/getSchoolMateCheckVoListWithSameCode.json | /admin/saveSchoolBodyCheckInfo.json | /admin/selectToothCheckTemplateVoList.json
modifySchoolMateCheckCtrl,8,/admin/completeSchoolMateCheck.json | /admin/getBodyCheckList.json | /admin/getSchoolClassList.json | /admin/getSchoolList.json | /admin/getSchoolMateCheckVo.json | /admin/getSchoolMateCheckVoListWithSameCode.json | /admin/getSchoolTeacherList.json | /admin/saveSchoolMateCheck.json
modifySchoolPlanCtrl,13,/admin/getPromotionVo.json | /admin/getSchoolClass.json | /admin/getSchoolClassList.json | /admin/getSchoolInfo.json | /admin/getSchoolList.json | /admin/getSchoolPlan.json | /admin/getSchoolPlanRoot.json | /admin/getSchoolTeacher.json | /admin/getSchoolTeacherList.json | /admin/syncSchoolInfoOfPromotion.json | /admin/updatePromotionOfSchool.json | /admin/updateSchoolPlan.json | /admin/updateSchoolPlanRoot.json
multiImportStudentCtrl,8,/admin/commitBatchSchoolMateTask.json | /admin/createBatchSchoolMateTask.json | /admin/getDefaultSchoolPlanByAdminId.json | /admin/selectBodyCheckItemListOfCorp.json | /admin/selectSchoolMateCheckVoList.json | /admin/selectSchoolPromotionListVoList.json | /admin/selectTaskItemList.json | /admin/startSchoolPlanSchool.json
physicalContrastReportCtrl,5,/admin/basicStatGenderVision.json | /admin/getDefaultSchoolPlanByAdminId.json | /admin/getSchoolClassList.json | /admin/getSchoolLevelList.json | /admin/selectInYearListBySchoolPlan.json
physicalReportCtrl,0,
posCtrl,6,/admin/deletePosDevice.json | /admin/getCompanyList.json | /admin/getPosDevice.json | /admin/selectPosDeviceList.json | /admin/updatePosDeviceStatus.json | /auth/getMyAdminCorpList.json
printStudentReportCtrl,1,/admin/countStatSchoolMateCheckIdList.json
printStudentReport2Ctrl,6,/admin/basicStatGenderVision.json | /admin/getDefaultSchoolPlanByAdminId.json | /admin/getSchoolClassList.json | /admin/selectInYearListBySchoolPlan.json | /admin/selectSchoolMateCheckVoList.json | /admin/statVisionOfSchool.json
progressReportCtrl,4,/admin/getDefaultSchoolPlanRootByAdminId.json | /admin/selectVisionGroupManageList.json | /admin/statSchoolCompleteGroupManage.json | /admin/statSchoolCompleteManage.json
projectionScreenCtrl,7,/admin/autoChartSizeForPad.json | /admin/getEyeChartOfMine.json | /admin/getEyeChartPicVoForPad.json | /admin/getRandFirstEyeChartFileByChartType.json | /admin/getSchoolCheckConf.json | /admin/resetEyeChartOfMine.json | /auth/isAdminTokenOk.json
reachStoreAppointAllReportCtrl,1,/admin/statAppointSchoolMateOfCorp.json
reachStoreAppointDetailsCtrl,4,/admin/basicStatAppointSchoolMate.json | /admin/cancelAppointOfPatient.json | /admin/getAppointSchoolMateVo.json | /admin/selectAppointSchoolMateVoList.json
reachStoreAppointSingleReportCtrl,1,/admin/statAppointSchoolMateOfCompany.json
reportRecordCtrl,1,/admin/selectFundusCheckRecordDetialVoList.json
reportStatisticCtrl,11,/admin/deleteSchool.json | /admin/getSchoolClassList.json | /admin/getSchoolList.json | /admin/getSchoolMateCheckVo.json | /admin/getSchoolMateCheckVoList.json | /admin/getSchoolTeacherList.json | /admin/getSchoolVoList.json | /admin/insertSchoolMateCheck.json | /admin/selectFundusCheckReportVo.json | /admin/sendSmsToSchoolMateCheck.json | /admin/updateSchoolMateCheck.json
schoolMateCheckReportsCtrl,0,
schoolPlanListCtrl,8,/admin/disableSchoolPlan.json | /admin/enableSchoolPlan.json | /admin/getDefaultSchoolPlanByAdminId.json | /admin/getDefaultSchoolPlanRootByAdminId.json | /admin/selectSchoolPlanList.json | /admin/selectSchoolPlanRootList.json | /admin/setDefaultSchoolPlanByAdminId.json | /admin/setDefaultSchoolPlanRootByAdminId.json
schoolPlanReportCtrl,5,/admin/getReportStatusOfSchoolAdmin.json | /admin/getSchoolClassList.json | /admin/selectInYearListBySchoolPlan.json | /admin/selectMyAdminSchoolVoListOfSchoolPlan.json | /admin/selectSchoolPlanListBySchool.json
screenBackConfigCtrl,4,/admin/deleteSchoolCheckImageFile.json | /admin/getSchoolCheckConf.json | /admin/selectSchoolCheckImageFileList.json | /admin/setDefaultSchoolCheckImageFile.json
screenClassReportCtrl,5,/admin/getDefaultSchoolPlanByAdminId.json | /admin/getSchoolClassList.json | /admin/printSchoolPromotionListVoList.json | /admin/selectInYearListBySchoolPlan.json | /admin/statVisionOfSchool.json
screenConditionBatchCtrl,2,/admin/cancelScreenTemplateBatchSendTask.json | /admin/selectTaskScreenTemplateBatchSendList.json
screenConditionBatchGroupSendCtrl,4,/admin/createScreenTemplateBatchSendTask.json | /admin/selectCorpSmsByCorpId.json | /admin/selectCorpVoiceByCorpId.json | /admin/selectScreenTemplateBatchSendTaskDetails.json
screenConditionBatchGroupSendLookCtrl,1,/admin/selectTaskTemplateBatchSendLogVoList.json
screenContrastReportCtrl,5,/admin/basicStatGenderVision.json | /admin/getDefaultSchoolPlanByAdminId.json | /admin/getSchoolClassList.json | /admin/getSchoolLevelList.json | /admin/selectInYearListBySchoolPlan.json
screenInStoreCtrl,5,/admin/getCompanyQrcode.json | /admin/getCorpSchoolPlanVoOfCompany.json | /admin/selectSchoolPlanList.json | /admin/setCorpSchoolPlan.json | /admin/updateSchoolPlanCheckSwitch.json
screenListCtrl,16,/admin/bandingSchoolMatePromotion.json | /admin/disBandingSchoolMatePromotion.json | /admin/getPromotionVo.json | /admin/getSchoolCheckConf.json | /admin/getSchoolClass.json | /admin/getSchoolInfo.json | /admin/getSchoolList.json | /admin/getSchoolMateCheckVoByUniqueKey.json | /admin/getSchoolMateCountOfPromotions.json | /admin/insertSchoolMate.json | /admin/selectCheckItemListOfCorp.json | /admin/selectCloudPrinterList.json | /admin/selectOtherSystemByCorpId.json | /admin/selectSchoolMateCheckVoList.json | /admin/sendSchoolMateCheckCodeOfPromotionsToCloudPrinter.json | /admin/statCheckStatusOfPromotion.json
screenPromotionConfigCtrl,19,/admin/delSchoolCheckWechatShow.json | /admin/getCorpAppointConf.json | /admin/getCorpInfo.json | /admin/getSchoolCheckConf.json | /admin/getSchoolCheckWechatShow.json | /admin/getSchoolCheckWechatVo.json | /admin/moveSchoolCheckWechatShow.json | /admin/saveCorpAppointConf.json | /admin/saveCorpWechatAccountConf.json | /admin/saveSchoolCheckBandingType.json | /admin/saveSchoolCheckConf.json | /admin/selectCorpWechatAccountConf.json | /admin/selectSchoolCheckQuestionnaireConfVoList.json | /admin/selectSchoolCheckWechatList.json | /admin/selectSchoolCheckWechatShowList.json | /admin/updateSchoolCheckQuestionnaireConf.json | /admin/updateSchoolCheckWechat.json | /admin/updateSchoolCheckWechatItemValue.json | /admin/updateSchoolCheckWechatShowOpenEnable.json
screenPromotionListCtrl,15,/admin/basicStatGenderVision.json | /admin/getDefaultSchoolPlanByAdminId.json | /admin/getSchoolCheckConf.json | /admin/getSchoolClassList.json | /admin/getSchoolInfo.json | /admin/getSchoolMateCheckVoByUniqueKey.json | /admin/getSchoolMateCountOfPromotions.json | /admin/insertSchoolMateAndCreatePromotion.json | /admin/selectCloudPrinterList.json | /admin/selectInYearListBySchoolPlan.json | /admin/selectOtherSystemByCorpId.json | /admin/selectSchoolPromotionListVoList.json | /admin/sendMsgToSchoolMateCheckBySelected.json | /admin/sendSchoolMateCheckCodeOfPromotionsToCloudPrinter.json | /admin/setDefaultSchoolPlanByAdminId.json
screenPromotionStudentCtrl,10,/admin/disableSchoolMateCheck.json | /admin/enableSchoolMateCheck.json | /admin/getDefaultSchoolPlanByAdminId.json | /admin/getSchoolClassList.json | /admin/getSchoolInfo.json | /admin/selectCheckItemListOfCorp.json | /admin/selectInYearListBySchoolPlan.json | /admin/selectOtherSystemByCorpId.json | /admin/selectSchoolMateCheckVoList.json | /admin/setDefaultSchoolPlanByAdminId.json
screenPromotionToothConfigCtrl,8,/admin/delSchoolCheckWechatShow.json | /admin/getCorpInfo.json | /admin/getSchoolCheckConf.json | /admin/getSchoolCheckWechatShow.json | /admin/moveSchoolCheckWechatShow.json | /admin/saveSchoolCheckConf.json | /admin/selectSchoolCheckWechatShowList.json | /admin/updateSchoolCheckWechatShowStatus.json
screenRecordReportCtrl,0,
screenReportInschoolCtrl,3,/admin/getReportStatusOfSchoolAdmin.json | /admin/selectMyAdminSchoolVoListOfSchoolPlan.json | /admin/selectSchoolPlanListBySchool.json
screenSchoolReportCtrl,1,/admin/getDefaultSchoolPlanByAdminId.json
screenStudentReportCtrl,9,/admin/basicStatGenderVision.json | /admin/getBodyCheckList.json | /admin/getDefaultSchoolPlanByAdminId.json | /admin/getSchoolBodyCheckInfoListOfSchoolPlan.json | /admin/getSchoolClassList.json | /admin/selectBodyCheckVoByCode.json | /admin/selectInYearListBySchoolPlan.json | /admin/selectSchoolMateCheckVoList.json | /admin/statVisionOfSchool.json
screenUrlConfigCtrl,3,/admin/saveSchoolCheckPostConf.json | /admin/selectByCorpId.json | /admin/updateSchoolCheckPostConf.json
studentReportInschoolCtrl,11,/admin/basicStatGenderVision.json | /admin/getBodyCheckList.json | /admin/getReportStatusOfSchoolAdmin.json | /admin/getSchoolBodyCheckInfoListOfSchoolPlan.json | /admin/getSchoolClassList.json | /admin/selectBodyCheckVoByCode.json | /admin/selectInYearListBySchoolPlan.json | /admin/selectMyAdminSchoolVoListOfSchoolPlan.json | /admin/selectSchoolMateCheckVoList.json | /admin/selectSchoolPlanListBySchool.json | /admin/statVisionOfSchool.json
transformationRateCtrl,3,/admin/getSchoolLevelList.json | /admin/selectSchoolMateScreenInStoreStatVoList.json | /admin/statScreenInStore.json
updateSchoolCtrl,5,/admin/getSchoolLevelList.json | /admin/getSchoolVo.json | /admin/insertAddress.json | /admin/updateAddress.json | /admin/updateSchool.json
visionMesureCtrl,3,/admin/getEyeChartOfMine.json | /admin/resetEyeChartOfMine.json | /auth/isAdminTokenOk.json
zhiShiBangConfigCtrl,4,/admin/createExamine.json | /admin/getPinyin.json | /admin/getSchoolCheckConf.json | /admin/saveSchoolCheckIndicatorBarImage.json
addCheckItemCtrl,5,/admin/getExamineItemVoList.json | /admin/getExamineVo.json | /admin/getMedicalCheckItemVo.json | /admin/saveExamineItemList.json | /admin/selectMedicalCheckItemVoList.json
addCustomerChargeCtrl,12,/admin/createModelName.json | /admin/createProductAndModelList.json | /admin/getCategoryTree2Level.json | /admin/getCompanyList.json | /admin/getHospitalInfo.json | /admin/getModelNameVo.json | /admin/getPinyin.json | /admin/insertIntroducer.json | /admin/insertStorehouse.json | /admin/randomProductCode.json | /admin/selectModelNameVoList.json | /admin/selectModelValueList.json
addGroupeditCtrl,4,/admin/getExamineVo.json | /admin/getExamineVoList.json | /admin/insertMedicalCheckItem.json | /admin/insertPackage.json
addMaterialCtrl,4,/admin/createProductAndSkuList.json | /admin/getCategoryTree2Level.json | /admin/getPinyin.json | /admin/randomProductCode.json
addMedicalFeeCtrl,9,/admin/createExamine.json | /admin/createMember.json | /admin/getCompanyList.json | /admin/getHospitalInfo.json | /admin/getPinyin.json | /admin/getProductVo.json | /admin/getProductVoList.json | /admin/insertMachineCenterOfChainStore.json | /admin/insertPackage.json
addProjectCardCtrl,5,/admin/addTrainerCard.json | /admin/createSupplier.json | /admin/getTrainerCard.json | /admin/insertMedicalRecordTemplate.json | /admin/updateTrainerCard.json
appConfigCtrl,1,/admin/updateCorpAppConf.json
appointAdminCtrl,2,/admin/getCorpAppointConf.json | /admin/saveCorpAppointConf.json
batchMaterialCtrl,4,/admin/createProductAndSkuListOfGlass.json | /admin/getCategoryTree2Level.json | /admin/getPinyin.json | /admin/randomProductCode.json
chargeAdminCtrl,7,/admin/getCorpCashConf.json | /admin/getSuperAdminMobile.json | /admin/saveAdminCashById.json | /admin/saveCorpCashConf.json | /admin/selectAdminCashVoList.json | /admin/selectCompanyCashConfVoList.json | /admin/updateCompanyCashConf.json
chargeWaysCtrl,6,/admin/deleteChannelTag.json | /admin/getCorpPayChannel.json | /admin/getPayChannelOfCorpAccount.json | /admin/saveCorpPayChannel.json | /admin/selectCompanyPayChannelVoList.json | /admin/updateChannelTag.json
checkListCtrl,7,/admin/copyExamine.json | /admin/deleteExamines.json | /admin/getExamineVo.json | /admin/getExamineVoList.json | /admin/getPinyin.json | /admin/updateByExamineIdArraySelective.json | /admin/updateExamine.json
commonSetTempCtrl,7,/admin/createProductModelBatchFileTask.json | /admin/deleteProductSkus.json | /admin/getBrandListOfProduct.json | /admin/getCategory.json | /admin/getCategoryTree2LevelWithSkuCount.json | /admin/getProductSkuModelVoList.json | /admin/updateByProductSkuIdArraySelective.json
customerChargeChoiceCtrl,11,/admin/copyParamNameAndValue.json | /admin/getModelNameVo.json | /admin/getStorehouseVo.json | /admin/saveModelValueList.json | /admin/selectModelNameVoList.json | /admin/selectModelValueList.json | /admin/selectParamNameVoList.json | /admin/selectParamValueList.json | /admin/selectStorehouseVoList.json | /admin/updateModelName.json | /admin/updateStorehouse.json
firstApprovalCtrl,1,/admin/getIntroducerList.json
frontAdminCtrl,1,/admin/updateCorpLoginConf.json
groupeditListCtrl,9,/admin/getProductVoOnly.json | /admin/getUartDevice.json | /admin/saveProductQualifyList.json | /admin/selectMedicalCheckItemVoList.json | /admin/selectPackageVoList.json | /admin/selectProductQualifyList.json | /admin/selectUartDeviceLogVoList.json | /admin/updateProductWarningQualifyExpiresDays.json | /auth/privateDownloadUrl.json
materialImportCtrl,3,/admin/selectTaskItemList.json | /admin/selectTaskList.json | /auth/privateDownloadUrl.json
materiallistCtrl,7,/admin/createProductBatchFileTask.json | /admin/deleteProductSkus.json | /admin/getBrandListOfProduct.json | /admin/getCategory.json | /admin/getCategoryTree2LevelWithSkuCount.json | /admin/getProductSkuVoList.json | /admin/updateByProductSkuIdArraySelective.json
materialModifyCtrl,21,/admin/changeProductSkuSelectiveByProductId.json | /admin/deleteChannelTag.json | /admin/deleteExamines.json | /admin/enableMedicalRecordTemplate.json | /admin/getCategoryTree2Level.json | /admin/getChannelTagTreeVoPage.json | /admin/getExamineVoList.json | /admin/getMember.json | /admin/getMemberList.json | /admin/getPinyin.json | /admin/getProductVoOnly.json | /admin/getSupplier.json | /admin/insertChannelTag.json | /admin/saveCardSubstractType.json | /admin/selectOrCreateWechatCard.json | /admin/selectProductSkuIndex.json | /admin/selectProductSkuList.json | /admin/updateByExamineIdArraySelective.json | /admin/updateChannelTag.json | /admin/updateMember.json | /admin/updateProductAndSkuList.json
messageAdminCtrl,6,/admin/selectCorpSmsAddLogVoList.json | /admin/selectCorpSmsByCorpId.json | /admin/selectCorpSmsUseLogVoList.json | /admin/selectDataCorpSmsList.json | /admin/updateCorpSmsDisable.json | /admin/updateCorpSmsWarningCount.json
modifyCustomerChargeCtrl,11,/admin/getCategoryTree2Level.json | /admin/getIntroducer.json | /admin/getModelNameVo.json | /admin/getPinyin.json | /admin/getProductSkuModelVo.json | /admin/getSupplier.json | /admin/selectModelNameVoList.json | /admin/selectModelValueList.json | /admin/updateIntroducer.json | /admin/updateModelName.json | /admin/updateProductAndModelList.json
modifyGroupeditCtrl,15,/admin/getCompanyList.json | /admin/getExamineVo.json | /admin/getExamineVoList.json | /admin/getHospitalInfo.json | /admin/getMachineCenterVo.json | /admin/getMedicalCheckItemVo.json | /admin/getPackageVo.json | /admin/getPinyin.json | /admin/getProductVo.json | /admin/getProductVoList.json | /admin/updateExamine.json | /admin/updateMachineCenterCompanyIdArray.json | /admin/updateMachineCenterInfo.json | /admin/updateMedicalCheckItem.json | /admin/updatePackage.json
modifyRecordTemplateCtrl,2,/admin/getMedicalRecordTemplateVo.json | /admin/updateMedicalRecordTemplate.json
openPlateCtrl,2,/admin/getOpenApp.json | /admin/modifyOpenAppSecret.json
phoneAdminCtrl,6,/admin/selectCorpVoiceAddLogVoList.json | /admin/selectCorpVoiceByCorpId.json | /admin/selectCorpVoiceUseLogVoList.json | /admin/selectDataCorpVoiceList.json | /admin/updateCorpVoiceDisable.json | /admin/updateCorpVoiceWarningCount.json
pointsAdminCtrl,2,/admin/getCorpPointRule.json | /admin/saveCorpPointRule.json
printConfigCtrl,7,/admin/getSuperAdminMobile.json | /admin/saveCorpCashConf.json | /admin/selectAdminCashVoList.json | /admin/selectCompanyCashConfVoList.json | /admin/selectMachineCenterVoList.json | /admin/selectPackageVoList.json | /admin/updateCompanyCashConf.json
projectCardCtrl,3,/admin/getCompanyList.json | /admin/selectTrainerCardList.json | /admin/updateByTrainerCardIdArraySelective.json
recipeAdminCtrl,9,/admin/addCourseType.json | /admin/getSuperAdminMobile.json | /admin/saveCorpCashConf.json | /admin/saveCorpMedicalConfByCorpId.json | /admin/selectAdminCashVoList.json | /admin/selectCompanyCashConfVoList.json | /admin/selectCorpMedicalConfByCorpId.json | /admin/updateCompanyCashConf.json | /admin/updateCourseType.json
recordTemplateListCtrl,3,/admin/disableMedicalRecordTemplate.json | /admin/enableMedicalRecordTemplate.json | /admin/selectMedicalRecordTemplateVoList.json
reportDateAdminCtrl,2,/admin/getCorpReportConf.json | /admin/saveCorpReportConf.json
sataServerListCtrl,2,/admin/changeUartDeviceStatus.json | /admin/selectUartDeviceList.json
schoolCheckRecordCtrl,5,/admin/saveCorpSchoolCheckConf.json | /admin/saveCorpWechatMedicalConf.json | /admin/selectCorpSchoolCheckConfByCorpId.json | /admin/selectCorpWechatMedicalConf.json | /admin/selectCorpWechatMedicalConfByCorpId.json
stockAdminCtrl,2,/admin/saveStockConf.json | /admin/saveStockConfReleaseStock.json
suiFangJieLunTemCtrl,3,/admin/getFollowUpResultTemplateVo.json | /admin/insertFollowUpResultTemplate.json | /admin/updateFollowUpResultTemplate.json
suiFangJieLunTemplateCtrl,3,/admin/deleteFollowUpResultTemplate.json | /admin/enableMedicalRecordTemplate.json | /admin/selectFollowUpResultTemplateVoList.json
suiFangNeiRongTemplateCtrl,10,/admin/deleteFollowUpContentTemplate.json | /admin/enableMedicalRecordTemplate.json | /admin/getSupplier.json | /admin/getSupplierVoList.json | /admin/saveSupplierQualifyList.json | /admin/selectFollowUpContentTemplateVoList.json | /admin/selectSupplierQualifyList.json | /admin/updateSupplier.json | /admin/updateSupplierWarningQualifyExpiresDays.json | /auth/privateDownloadUrl.json
systemSettingCtrl,0,
toothCheckTemplateCtrl,2,/admin/deleteToothCheckTemplate.json | /admin/selectToothCheckTemplateVoList.json
visionAdminCtrl,4,/admin/getEyeChartConfRemark.json | /admin/getEyeChartOfMine.json | /admin/updateEyeChartConfOfMine.json | /auth/isAdminTokenOk.json
wecomAdminCtrl,5,/admin/activeWecomAccountOfAdmin.json | /admin/refreshWecomActiveCodeListOfCorpId.json | /admin/selectAdminWecomVoList.json | /admin/selectNotActiveWecomAdminList.json | /admin/transferActiveWecomAccountOfAdmin.json
addTargetCouponCtrl,10,/admin/createCouponBatchSendTask.json | /admin/getCouponVo.json | /admin/getCustomerMemberDataList.json | /admin/getMemberList.json | /admin/getOrderBrandList.json | /admin/getOrderCategoryList.json | /admin/getTag.json | /admin/selectCouponVoList.json | /admin/selectTagList.json | /admin/selectWecomTagList.json
targetCouponDetailCtrl,9,/admin/getBatchSendCustomerCouponVoList.json | /admin/getCustomerCouponVo.json | /admin/getMemberList.json | /admin/getOrderBrandList.json | /admin/getOrderCategoryList.json | /admin/getTaskCouponBatchSendVo.json | /admin/selectTagList.json | /admin/selectTaskCouponBatchSendVoList.json | /admin/useCoupon.json
addVisitCtrl,12,/admin/createFollowUpArray.json | /admin/getCustomerVo.json | /admin/getFollowUpConf.json | /admin/getFollowUpVo.json | /admin/getLoginEmployeeVo.json | /admin/getPatientInfo.json | /admin/saveFollowUpConf.json | /admin/selectCorpSmsTemplatePoolForScene.json | /admin/selectCorpVoiceTemplatePoolForScene.json | /admin/selectEmployeeVoListOfMyCompany.json | /admin/selectFollowUpContentTemplateVoList.json | /admin/updateFollowUp.json
visitDetailsCtrl,6,/admin/excuteFollowUp.json | /admin/getCustomerVo.json | /admin/getFollowUpVo.json | /admin/getPatientInfo.json | /admin/selectEmployeeVoListOfMyCompany.json | /admin/selectFollowUpResultTemplateVoList.json
