"State","Url","Ctrl","Tpl"
"optometry","/optometry","optometryCtrl","views/optometry/optometry.html"
"optometryGlasses","/optometryGlasses?medicalRecordId&edit","optometryGlassesCtrl","views/optometry/optometryGlasses.html"
"homeAnnouncement","/homeAnnouncement","homeAnnouncementCtrl","views/home/homeAnnouncement.html"
"homeAnnouncementDetails","/homeAnnouncementDetails?id","homeAnnouncementDetailsCtrl","views/home/homeAnnouncementDetails.html"
"home","/home?renew","homeCtrl","views/home/home.html"
"bigScreen","/bigScreen","bigScreenCtrl","views/clinic/bigScreen.html"
"consultingScreen","/consultingScreen","consultingScreenCtrl","views/clinic/consultingScreen.html"
"screenQueue","/screenQueue?bigScreenId","screenQueueCtrl","views/clinic/screenQueue.html"
"adminCall","/adminCall","adminCallCtrl","views/clinic/adminCall.html"
"doctorWorkbench","/doctorWorkbench","doctorWorkbenchCtrl","views/clinic/doctorWorkbench.html"
"checkCall","/checkCall","checkCallCtrl","views/clinic/checkCall.html"
"workBeach","/workBeach","workBeachCtrl","views/home/workBeach.html"
"404","/404","404Ctrl","views/home/404.html"
"admin","/admin","adminCtrl","views/home/admin.html"
"allSize","/allSize","allSizeCtrl","views/home/allSize.html"
"modifyPassword","/modifyPassword","modifyPasswordCtrl","views/home/modifyPassword.html"
"myMember","/myMember","myMemberCtrl","views/myMember/myMember.html"
"addCheckin","/addCheckin?appointId&type","addCheckinCtrl","views/checkinList/addCheckin.html"
"yuYueJiLu","/yuYueJiLu","yuYueJiLuCtrl","views/checkinList/yuYueJiLu.html"
"checkinList","/checkinList?printCheckinId&appointId","checkinListCtrl","views/checkinList/checkinList.html"
"adminMyRecord","/adminMyRecord?medicalRecordId","adminMyRecordCtrl","views/myMember/adminMyRecord.html"
"adminMyRecord.myMemberRecord","/myMemberRecord","myMemberRecordCtrl","views/myMember/myMemberRecord.html"
"adminMyRecord.prescriptsRecord","/prescriptsRecord","prescriptsRecordCtrl","views/myMember/prescriptsRecord.html"
"adminMyRecord.prescription","/prescription","prescriptionCtrl","views/myMember/prescription.html"
"adminMyRecord.drugPrescription","/drugPrescription","drugPrescriptionCtrl","views/myMember/drugPrescription.html"
"adminMyRecord.customerProductRecord","/customerProductRecord","customerProductRecordCtrl","views/myMember/customerProductRecord.html"
"adminMyRecord.myMaterialBill","/myMaterialBill","myMaterialBillCtrl","views/myMember/myMaterialBill.html"
"adminMyRecord.myCheckBill","/myCheckBill","myCheckBillCtrl","views/myMember/myCheckBill.html"
"adminMyRecord.followList","/followList","followListCtrl","views/myMember/followList.html"
"adminSalesRecord","/adminSalesRecord?medicalRecordId","adminSalesRecordCtrl","views/myMember/adminSalesRecord.html"
"adminSalesRecord.myMemberRecord","/myMemberRecord","myMemberRecordCtrl","views/myMember/myMemberRecord.html"
"adminSalesRecord.myMaterialBill","/myMaterialBill","myMaterialBillCtrl","views/myMember/myMaterialBill.html"
"myMedicalRecordList","/myMedicalRecordList?patientId&customerId","myMedicalRecordListCtrl","views/myMember/myMedicalRecordList.html"
"myMedicalHistory","/myMedicalHistory?patientId","myMedicalHistoryCtrl","views/myMember/myMedicalHistory.html"
"updateMyMember","/updateMyMember?customerId","updateMemberCtrl","views/myMember/updateMyMember.html"
"addSaleRecord","/addSaleRecord","addSaleRecordCtrl","views/myMember/addSaleRecord.html"
"timeCard","/timeCard","timeCardCtrl","views/myMember/timeCard.html"
"member","/member?tagId","memberCtrl","views/memberManage/member.html"
"branchMember","/branchMember","memberCtrl","views/memberManage/branchMember.html"
"memberRecyle","/memberRecyle?type&companyId","memberRecyleCtrl","views/memberManage/memberRecyle.html"
"memberTag","/memberTag","memberTagCtrl","views/memberManage/memberTag.html"
"addMemberTag","/addMemberTag","addMemberTagCtrl","views/memberManage/addMemberTag.html"
"recommendPhoneList","/recommendPhoneList","recommendPhoneListCtrl","views/memberManage/recommendPhoneList.html"
"recommendTable","/recommendTable","recommendTableCtrl","views/memberManage/recommendTable.html"
"recommendDetail","/recommendDetail","recommendDetailCtrl","views/memberManage/recommendDetail.html"
"recommendCustomer","/recommendCustomer","recommendCustomerCtrl","views/memberManage/recommendCustomer.html"
"addRecommend","/addRecommend","addRecommendCtrl","views/memberManage/addRecommend.html"
"modifyRecommend","/modifyRecommend?promotionId","modifyRecommendCtrl","views/memberManage/modifyRecommend.html"
"secKillPromotionList","/secKillPromotionList","secKillPromotionListCtrl","views/memberManage/secKillPromotionList.html"
"productOrder","/productOrder?seckillProductId","productOrderCtrl","views/memberManage/productOrder.html"
"addPromotion","/addPromotion","addPromotionCtrl","views/memberManage/addPromotion.html"
"modifyPromotion","/modifyPromotion?promotionId","modifyPromotionCtrl","views/memberManage/modifyPromotion.html"
"promotionDetail","/promotionDetail?id","promotionDetailCtrl","views/memberManage/promotionDetail.html"
"secKillProductList","/secKillProductList?promotionId","secKillProductListCtrl","views/memberManage/secKillProductList.html"
"addSecKillProduct","/addSecKillProduct?promotionId","addSecKillProductCtrl","views/memberManage/addSecKillProduct.html"
"modifySecKillProduct","/modifySecKillProduct?seckillProductId","modifySecKillProductCtrl","views/memberManage/modifySecKillProduct.html"
"secKillProductDetail","/secKillProductDetail?seckillProductId","secKillProductDetailCtrl","views/memberManage/secKillProductDetail.html"
"updateMember","/updateMember?customerId","updateMemberCtrl","views/memberManage/updateMember.html"
"patientList","/patientList?customerId","patientListCtrl","views/memberManage/patientList.html"
"chargeList","/chargeList?customerId","chargeListCtrl","views/memberManage/chargeList.html"
"memberPoint","/memberPoint?customerId","memberPointCtrl","views/memberManage/memberPoint.html"
"memberCard","/memberCard?customerId","memberCardCtrl","views/memberManage/memberCard.html"
"myCoupon","/myCoupon?customerId","myCouponCtrl","views/memberManage/myCoupon.html"
"selectOrderList","/selectOrderList?keyword","selectOrderListCtrl","views/memberManage/selectOrderList.html"
"sendPlatform","/sendPlatform","sendPlatformCtrl","views/memberManage/sendPlatform.html"
"requirement","/requirement","requirementCtrl","views/memberManage/requirement.html"
"requirementStatus","/requirementStatus?id","requirementStatusCtrl","views/memberManage/requirementStatus.html"
"groupSend","/groupSend?taskTemplateBatchSendId","groupSendCtrl","views/memberManage/groupSend.html"
"groupSendLook","/groupSendLook?taskTemplateBatchSendId","groupSendLookCtrl","views/memberManage/groupSendLook.html"
"orderDetail","/orderDetail?orderId","orderDetailCtrl","views/memberManage/orderDetail.html"
"targetCouponList","/targetCouponList","targetCouponListCtrl","views/targetMarket/targetCouponList.html"
"addTargetCoupon","/addTargetCoupon","addTargetCouponCtrl","views/targetMarket/addTargetCoupon.html"
"targetCouponDetail","/targetCouponDetail?taskCouponBatchSendId","targetCouponDetailCtrl","views/targetMarket/targetCouponDetail.html"
"addHospital","/addHospital","addHospitalCtrl","views/hospital/addHospital.html"
"hospital.hospitallist","/hospitallist","hospitalListCtrl","views/hospital/hospitalList.html"
"hospital","/hospital","hospitalCtrl","views/hospital/hospital.html"
"hospital.updateHospital","/updateHospital?id&companyId","updateHospitalCtrl","views/hospital/updateHospital.html"
"hospital.updateHospital.adminHospital","/adminHospital","updateAdminHospitalCtrl","views/hospital/updateHospital.adminHospital.html"
"hospital.updateHospital.departmentList","/updateDepartment","departmentListCtrl","views/hospital/departmentList.html"
"hospital.updateHospital.employeeList","/employeeList","employeeListCtrl","views/hospital/employeeList.html"
"hospital.updateHospital.adminMap","/adminMap","adminMapCtrl","views/hospital/adminMap.html"
"hospital.updateHospital.adminClinic","/adminClinic","adminClinicCtrl","views/hospital/adminClinic.html"
"hospital.updateHospital.updateDepartment","/updateDepartment?departmentId","updateDepartmentCtrl","views/hospital/updateDepartment.html"
"hospital.updateHospital.addDepartment","/addDepartment","addDepartmentCtrl","views/hospital/addDepartment.html"
"orderManage","/orderManage","orderManageCtrl","views/orderManage/orderManage.html"
"inspectList","/inspectList","InspectListCtrl","views/inspectAdmin/inspectList.html"
"addInspect","/addInspect","addInspectCtrl","views/inspectAdmin/addInspect.html"
"modifyInspect","/modifyInspect?id","modifyInspectCtrl","views/inspectAdmin/modifyInspect.html"
"coinRuleIntroduce","/coinRuleIntroduce","coinRuleIntroduceCtrl","views/authAdmin/coinRuleIntroduce.html"
"aioIntroduce","/aioIntroduce","aioIntroduceCtrl","views/authAdmin/aioIntroduce.html"
"myAccount","/myAccount","myAccountCtrl","views/authAdmin/myAccount.html"
"myAccountDetails","/myAccountDetails?payChannel","myAccountDetailsCtrl","views/authAdmin/myAccountDetails.html"
"myAccountDetailsForScan","/myAccountDetailsForScan","myAccountDetailsForScanCtrl","views/authAdmin/myAccountDetailsForScan.html"
"myAccountHistory","/myAccountHistory","myAccountHistoryCtrl","views/authAdmin/myAccountHistory.html"
"myAccountCoin","/myAccountCoin","myAccountCoinCtrl","views/authAdmin/myAccountCoin.html"
"myAccountCoinDetails","/myAccountCoinDetails","myAccountCoinDetailsCtrl","views/authAdmin/myAccountCoinDetails.html"
"myAccountOverviews","/myAccountOverviews","myAccountOverviewsCtrl","views/authAdmin/myAccountOverviews.html"
"appointOrder","/appointOrder","appointOrderCtrl","views/bookManage/appointOrder.html"
"bookManage","/bookManage","bookManageCtrl","views/bookManage/bookManage.html"
"bookSettings","/bookSettings","bookSettingsCtrl","views/bookManage/bookSettings.html"
"bookDetail","/bookDetail?appointmentId","bookDetailCtrl","views/bookManage/bookDetail.html"
"getGlassNotifyList","/getGlassNotifyList","getGlassNotifyListCtrl","views/getGlassNotify/getGlassNotifyList.html"
"medicalStatistic","/medicalStatistic","reportMedicalRateCtrl","views/reportMedical/medicalStatistic.html"
"report.reportMedicalRate","/reportMedicalRate","reportMedicalRateCtrl","views/reportMedical/reportMedicalRate.html"
"report.reportMedicalRate.successRate","/successRate","successRateCtrl","views/reportMedical/successRate.html"
"report.reportMedicalRate.satisfyRate","/satisfyRate","satisfyRateCtrl","views/reportMedical/satisfyRate.html"
"report.reportMedicalRate.satisfyDetailRate","/satisfyDetailRate","satisfyDetailRateCtrl","views/reportMedical/satisfyDetailRate.html"
"report.reportMedicalRate.customerChannelRate","/customerChannelRate","customerChannelRateCtrl","views/reportMedical/customerChannelRate.html"
"profitReport","/profitReport","profitReportCtrl","views/reportMedical/profitReport.html"
"stockInReport","/stockInReport","jxcRecordCtrl","views/reportMedical/stockInReport.html"
"report.reportSale","/reportSale","reportSaleCtrl","views/reportMedical/reportSale.html"
"materialStatistic","/materialStatistic","reportSaleCtrl","views/reportMedical/materialStatistic.html"
"materialStatistic.myReceiptRecord","/myReceiptRecord","myReceiptRecordCtrl","views/reportMedical/myReceiptRecord.html"
"materialStatistic.myDeliveryRecord","/myDeliveryRecord","myDeliveryRecordCtrl","views/reportMedical/myDeliveryRecord.html"
"materialStatistic.myJxcRecord","/myJxcRecord","myJxcRecordCtrl","views/reportMedical/myJxcRecord.html"
"report.reportMaterial","/reportMaterial","reportSaleCtrl","views/reportMedical/reportMaterial.html"
"report.reportSale.saleList","/saleList","saleListCtrl","views/reportMedical/saleList.html"
"report.reportSale.deliveryList","/deliveryList","deliveryReportListCtrl","views/reportMedical/deliveryList.html"
"report.reportSale.machineProcessList","/machineProcessList","machineProcessListCtrl","views/reportMedical/machineProcessList.html"
"report.reportMaterial.receiptRecord","/receiptRecord","receiptRecordCtrl","views/reportMedical/receiptRecord.html"
"report.reportMaterial.deliveryRecordPort","/deliveryRecordPort","deliveryRecordPortCtrl","views/reportMedical/deliveryRecordPort.html"
"report.reportMaterial.jxcRecord","/jxcRecord","jxcRecordCtrl","views/reportMedical/jxcRecord.html"
"report.reportSale.saleRecord","/saleRecord","saleRecordCtrl","views/reportMedical/saleRecord.html"
"report.reportSale.backGoodRecord","/backGoodRecord","backGoodRecordCtrl","views/reportMedical/backGoodRecord.html"
"feeStatistic","/feeStatistic","reportFeeCtrl","views/reportMedical/feeStatistic.html"
"report.reportFee","/reportFee","reportFeeCtrl","views/reportMedical/reportFee.html"
"report.reportFee.feeDay","/feeDay","feeDayCtrl","views/reportMedical/feeDay.html"
"report.reportOperateAll.feeCashier","/feeCashier","feeCashierCtrl","views/reportMedical/feeCashier.html"
"report.reportFee.refundFee","/refundFee","refundFeeCtrl","views/reportMedical/refundFee.html"
"report.reportFee.feeMonth","/feeMonth","feeMonthCtrl","views/reportMedical/feeMonth.html"
"report.reportFee.feeRecharge","/feeRecharge","feeRechargeCtrl","views/reportMedical/feeRecharge.html"
"report.reportFee.timeCardRecharge","/timeCardRecharge","timeCardRechargeCtrl","views/reportMedical/timeCardRecharge.html"
"report.reportFee.unPayRecharge","/unPayRecharge","unPayRechargeCtrl","views/reportMedical/unPayRecharge.html"
"report.reportFee.unPayCharge","/unPayCharge","unPayChargeCtrl","views/reportMedical/unPayCharge.html"
"report.reportFee.pointsListReCharge","/pointsListReCharge","pointsListReChargeCtrl","views/reportMedical/pointsListReCharge.html"
"report.reportFee.pointsListCharge","/pointsListCharge","pointsListChargeCtrl","views/reportMedical/pointsListCharge.html"
"report.reportFee.feeBankCard","/feeBankCard","feeBankCardCtrl","views/reportMedical/feeBankCard.html"
"report.reportFee.timecardBlance","/timecardBlance","timecardBlanceCtrl","views/reportMedical/timecardBlance.html"
"report.reportFee.timecardPerformance","/timecardPerformance","timecardPerformanceCtrl","views/reportMedical/timecardPerformance.html"
"report","/report","reportCtrl","views/reportMedical/report.html"
"report.reportOperateAll.reportOperate","/reportOperate","reportOperateCtrl","views/reportMedical/reportOperate.html"
"report.reportOperateAll.hospitalReport","/hospitalReport","hospitalReportCtrl","views/reportMedical/hospitalReport.html"
"report.reportOperateAll.singleHospitalProfit","/singleHospitalProfit","singleHospitalProfitCtrl","views/reportMedical/singleHospitalProfit.html"
"report.reportOperateAll","/reportOperateAll","reportOperateAllCtrl","views/reportMedical/reportOperateAll.html"
"encryptUser","/encryptUser","encryptUserCtrl","views/adminManage/encryptUser.html"
"adminList","/adminList","adminListCtrl","views/adminManage/adminList.html"
"createAdminArea","/createAdminArea","createAdminAreaCtrl","views/adminManage/createAdminArea.html"
"modifyAdminArea","/modifyAdminArea?adminId","modifyAdminAreaCtrl","views/adminManage/modifyAdminArea.html"
"adminAreaList","/adminAreaList","adminAreaListCtrl","views/adminManage/adminAreaList.html"
"areaRoleAdmin","/areaRoleAdmin","areaRoleAdminCtrl","views/adminManage/areaRoleAdmin.html"
"areaScreenAdmin","/areaScreenAdmin","areaScreenAdminCtrl","views/adminManage/areaScreenAdmin.html"
"roleAdmin","/roleAdmin","roleAdminCtrl","views/adminManage/roleAdmin.html"
"addRole","/addRole","addRoleCtrl","views/adminManage/addRole.html"
"modifyRole","/modifyRole?roleId","modifyRoleCtrl","views/adminManage/modifyRole.html"
"modifyAreaRole","/modifyAreaRole?roleId","modifyAreaRoleCtrl","views/adminManage/modifyAreaRole.html"
"roleDetail","/roleDetail?roleId","modifyRoleCtrl","views/adminManage/roleDetail.html"
"memberAdmin","/memberAdmin","memberAdminCtrl","views/adminManage/memberAdmin.html"
"createAdmin","/createAdmin","createAdminCtrl","views/adminManage/createAdmin.html"
"adminModify","/adminModify?adminId","adminModifyCtrl","views/adminManage/adminModify.html"
"adminPasswordModify","/adminPasswordModify?adminId","adminPasswordModifyCtrl","views/adminManage/adminPasswordModify.html"
"adminAreaPasswordModify","/adminAreaPasswordModify?adminId","adminPasswordModifyCtrl","views/adminManage/adminPasswordModify.html"
"wechatAuth","/wechatAuth","wechatAuthCtrl","views/authAdmin/wechatAuth.html"
"wechatAuthSuccess","/wechatAuthSuccess","wechatAuthSuccessCtrl","views/authAdmin/wechatAuthSuccess.html"
"wechatAuthFailed","/wechatAuthFailed","wechatAuthFailedCtrl","views/authAdmin/wechatAuthFailed.html"
"materialPurchaseRequest","/materialPurchaseRequest","materialPurchaseRequestCtrl","views/materialAdmin/materialPurchaseRequest.html"
"addPurchaseRequest","/addPurchaseRequest","addPurchaseRequestCtrl","views/materialAdmin/addPurchaseRequest.html"
"purchase","/purchase","purchaseCtrl","views/purchase/purchase.html"
"purchase.materialPurchase","/materialPurchase","materialPurchaseCtrl","views/materialAdmin/materialPurchase.html"
"purchase.materialPurchaseReturn","/materialPurchaseReturn","materialPurchaseReturnCtrl","views/materialAdmin/materialPurchaseReturn.html"
"purchase.purchaseRequestCheck","/purchaseRequestCheck","purchaseRequestCheckCtrl","views/materialAdmin/purchaseRequestCheck.html"
"purchase.purchaseModify","/purchaseModify?purchaseId","purchaseModifyCtrl","views/materialAdmin/purchaseModify.html"
"purchase.materialPurchaseBackOne","/materialPurchaseBackOne?id&type&stockPurchaseOutId","materialPurchaseBackOneCtrl","views/materialAdmin/materialPurchaseBackOne.html"
"purchase.materialPurchaseBackGoods","/materialPurchaseBackGoods?stockPurchaseOutId&storehouseId","materialPurchaseBackGoodsCtrl","views/materialAdmin/materialPurchaseBackGoods.html"
"purchase.materialPurchaseBackLook","/materialPurchaseBackLook?stockPurchaseOutId&storehouseId","materialPurchaseBackLookCtrl","views/materialAdmin/materialPurchaseBackLook.html"
"adminBill","/adminBill","adminBillCtrl","views/materialAdmin/adminBill.html"
"testPage","/testPage","testPageCtrl","views/home/testPage.html"
"adminBillDetial","/adminBillDetial?supplierId","adminBillDetialCtrl","views/materialAdmin/adminBillDetial.html"
"adminBillOneDetial","/adminBillOneDetial?supplierId&stockSettlementId","adminBillOneDetialCtrl","views/materialAdmin/adminBillOneDetial.html"
"purchase.addSalePurchase","/addSalePurchase","addSalePurchaseCtrl","views/materialAdmin/addSalePurchase.html"
"purchase.addPurchasement","/addPurchasement","addPurchasementCtrl","views/materialAdmin/addPurchasement.html"
"purchaseRequestModify","/purchaseRequestModify?purchaseRequestId","purchaseRequestModifyCtrl","views/materialAdmin/purchaseRequestModify.html"
"purchaseRequestDetail","/purchaseRequestDetail?purchaseRequestId","purchaseRequestModifyCtrl","views/materialAdmin/purchaseRequestDetail.html"
"purchaseRequestCheckDetail","/purchaseRequestCheckDetail?purchaseRequestId","purchaseRequestCheckDetailCtrl","views/materialAdmin/purchaseRequestCheckDetail.html"
"purchase.purchaseReciept","/purchaseReciept?purchaseId","purchaseRecieptCtrl","views/materialAdmin/purchaseReciept.html"
"purchase.purchaseRecieptDetail","/purchaseRecieptDetail?purchaseId","purchaseRecieptCtrl","views/materialAdmin/purchaseRecieptDetail.html"
"purchaseDetail","/purchaseDetail?purchaseId","purchaseDetailCtrl","views/materialAdmin/purchaseDetail.html"
"goods.companyMaterialReceipts","/companyMaterialReceipts","materialReceiptsCtrl","views/materialAdmin/materialReceipts.html"
"materialReceipts","/materialReceipts","materialReceiptsCtrl","views/materialAdmin/materialReceipts.html"
"goods.addCompanyReceipt","/addCompanyReceipt?storehouseId","addReceiptCtrl","views/materialAdmin/addReceipt.html"
"addReceipt","/addReceipt","addReceiptCtrl","views/materialAdmin/addReceipt.html"
"addMultiReceipts","/addMultiReceipts","addMultiReceiptsCtrl","views/materialAdmin/addMultiReceipts.html"
"goods.addCompanyMultiReceipts","/addCompanyMultiReceipts?storehouseId","addMultiReceiptsCtrl","views/materialAdmin/addMultiReceipts.html"
"addMultiDelivery","/addMultiDelivery?storehouseId","addMultiDeliveryCtrl","views/materialAdmin/addMultiDelivery.html"
"goods.addCompanyMultiDelivery","/addCompanyMultiDelivery?storehouseId","addMultiDeliveryCtrl","views/materialAdmin/addMultiDelivery.html"
"materialImportRecord","/materialImportRecord","materialImportRecordCtrl","views/materialAdmin/materialImportRecord.html"
"goods.companyImportRecord","/companyImportRecord?storehouseId","materialImportRecordCtrl","views/materialAdmin/materialImportRecord.html"
"materialOutportRecord","/materialOutportRecord?storehouseId","materialOutportRecordCtrl","views/materialAdmin/materialOutportRecord.html"
"goods.materialCompanyOutportRecord","/materialCompanyOutportRecord?storehouseId","materialOutportRecordCtrl","views/materialAdmin/materialOutportRecord.html"
"goods.receiptCompanyDetail","/receiptCompanyDetail?stockInId","receiptDetailCtrl","views/materialAdmin/receiptDetail.html"
"receiptDetail","/receiptDetail?stockInId","receiptDetailCtrl","views/materialAdmin/receiptDetail.html"
"receiptInvalid","/receiptInvalid?stockInId","receiptInvalidCtrl","views/materialAdmin/receiptInvalid.html"
"goods.receiptCompanyInvalid","/receiptCompanyInvalid?stockInId","receiptInvalidCtrl","views/materialAdmin/receiptInvalid.html"
"receiptDetailCustomer","/receiptDetailCustomer?stockInId","receiptDetailCtrl","views/materialAdmin/receiptDetailCustomer.html"
"receiptModify","/receiptModify?stockInId","receiptModifyCtrl","views/materialAdmin/receiptModify.html"
"goods.receiptCompanyModify","/receiptCompanyModify?stockInId","receiptModifyCtrl","views/materialAdmin/receiptModify.html"
"materialInventory","/materialInventory","materialInventoryCtrl","views/materialAdmin/materialInventory.html"
"goods.materialCompanyInventory","/materialCompanyInventory","materialInventoryCtrl","views/materialAdmin/materialInventory.html"
"addInventory","/addInventory","addInventoryCtrl","views/materialAdmin/addInventory.html"
"goods.addCompanyInventory","/addCompanyInventory?storehouseId","addInventoryCtrl","views/materialAdmin/addInventory.html"
"goods.addProductInventory","/addProductInventory?storehouseId","addProductInventoryCtrl","views/materialAdmin/addProductInventory.html"
"goods.addProductBivariateTable","/addProductBivariateTable?storehouseId&productId","addProductBivariateTableCtrl","views/materialAdmin/addProductBivariateTable.html"
"inventoryDetail","/inventoryDetail?stockTakingId","inventoryDetailCtrl","views/materialAdmin/inventoryDetail.html"
"goods.inventoryCompanyDetail","/inventoryCompanyDetail?stockTakingId","inventoryDetailCtrl","views/materialAdmin/inventoryDetail.html"
"goods.inventoryProductDetail","/inventoryProductDetail?stockTakingId","inventoryProductModifyCtrl","views/materialAdmin/inventoryProductDetail.html"
"inventoryModify","/inventoryModify?stockTakingId","inventoryModifyCtrl","views/materialAdmin/inventoryModify.html"
"goods.inventoryProductModify","/inventoryProductModify?stockTakingId","inventoryProductModifyCtrl","views/materialAdmin/inventoryProductModify.html"
"goods.inventoryCompanyModify","/inventoryCompanyModify?stockTakingId","inventoryModifyCtrl","views/materialAdmin/inventoryModify.html"
"materialDelivery","/materialDelivery","materialDeliveryCtrl","views/materialAdmin/materialDelivery.html"
"goods.materialCompanyDelivery","/materialCompanyDelivery","materialDeliveryCtrl","views/materialAdmin/materialDelivery.html"
"addDelivery","/addDelivery","addDeliveryCtrl","views/materialAdmin/addDelivery.html"
"goods.addCompanyDelivery","/addCompanyDelivery?storehouseId&productType","addDeliveryCtrl","views/materialAdmin/addDelivery.html"
"goods.addProductDelivery","/addProductDelivery?storehouseId&productType","addProductDeliveryCtrl","views/materialAdmin/addProductDelivery.html"
"addDeliveryCustomer","/addDeliveryCustomer","addDeliveryCustomerCtrl","views/materialAdmin/addDeliveryCustomer.html"
"deliveryModifyCustomer","/deliveryModifyCustomer?stockOutId","deliveryModifyCustomerCtrl","views/materialAdmin/deliveryModifyCustomer.html"
"goods.deliveryCompanyModify","/deliveryCompanyModify?stockOutId","deliveryModifyCtrl","views/materialAdmin/deliveryModify.html"
"goods.deliveryProductModify","/deliveryProductModify?stockOutId","deliveryProductModifyCtrl","views/materialAdmin/deliveryProductModify.html"
"goods.deliveryProductDetail","/deliveryProductDetail?stockOutId","deliveryProductModifyCtrl","views/materialAdmin/deliveryProductDetail.html"
"deliveryModify","/deliveryModify?stockOutId","deliveryModifyCtrl","views/materialAdmin/deliveryModify.html"
"goods.deliveryCompanyDetail","/deliveryCompanyDetail?stockOutId","deliveryDetailCtrl","views/materialAdmin/deliveryDetail.html"
"deliveryDetail","/deliveryDetail?stockOutId","deliveryDetailCtrl","views/materialAdmin/deliveryDetail.html"
"deliveryDelete","/deliveryDelete?stockOutId","deliveryDeleteCtrl","views/materialAdmin/deliveryDelete.html"
"deliveryDetailCustomer","/deliveryDetailCustomer?stockOutId","deliveryDetailCtrl","views/materialAdmin/deliveryDetailCustomer.html"
"viewStockList","/viewStockList","stockListCtrl","views/materialAdmin/viewStockList.html"
"viewStockList2","/viewStockList2","stockListsCtrl","views/materialAdmin/viewStockList2.html"
"viewStockList3","/viewStockList3","stockListssCtrl","views/materialAdmin/viewStockList3.html"
"stockChange","/stockChange","stockChangeCtrl","views/materialAdmin/stockChange.html"
"goods.stockCompanyChange","/stockCompanyChange","stockChangeCtrl","views/materialAdmin/stockChange.html"
"addStockChange","/addStockChange","addStockChangeCtrl","views/materialAdmin/addStockChange.html"
"goods.addStockCompanyChange","/addStockCompanyChange?storehouseId&status","addStockChangeCtrl","views/materialAdmin/addStockCompanyChange.html"
"goods.addStockProductChange","/addStockProductChange?storehouseId&status","addStockProductChangeCtrl","views/materialAdmin/addStockProductChange.html"
"goods.modifyStockCompanyChange","/modifyStockCompanyChange?id&storehouseId","modifyStockChangeCtrl","views/materialAdmin/modifyStockChange.html"
"goods.modifyStockProductChange","/modifyStockProductChange?id&storehouseId","modifyStockProductChangeCtrl","views/materialAdmin/modifyStockProductChange.html"
"goods.stockProductChangeDetail","/stockProductChangeDetail?id&storehouseId","modifyStockProductChangeCtrl","views/materialAdmin/stockProductChangeDetail.html"
"modifyStockChange","/modifyStockChange?id","modifyStockChangeCtrl","views/materialAdmin/modifyStockChange.html"
"stockChangeDetail","/stockChangeDetail?id","stockChangeDetailCtrl","views/materialAdmin/stockChangeDetail.html"
"goods.stockCompanyChangeDetail","/stockCompanyChangeDetail?id","stockChangeDetailCtrl","views/materialAdmin/stockChangeDetail.html"
"stockChangeCheck","/stockChangeCheck?id","stockChangeCheckCtrl","views/materialAdmin/stockChangeCheck.html"
"goods.stockCompanyChangeCheck","/stockCompanyChangeCheck?id&storehouseId","stockChangeCheckCtrl","views/materialAdmin/stockChangeCheck.html"
"goods.stockProductChangeCheck","/stockProductChangeCheck?id&storehouseId","stockProductChangeCheckCtrl","views/materialAdmin/stockProductChangeCheck.html"
"systemSetting","/systemSetting","systemSettingCtrl","views/systemSetting/systemSetting.html"
"systemSetting.company","/company","companyCtrl","views/home/company.html"
"sataServerList","/sataServerList","sataServerListCtrl","views/systemSetting/sataServerList.html"
"logList","/logList?deviceId","logListCtrl","views/systemSetting/logList.html"
"systemSetting.openPlate","/openPlate","openPlateCtrl","views/systemSetting/openPlate.html"
"systemSetting.memberCharge","/memberCharge","memberChargeCtrl","views/systemSetting/memberCharge.html"
"systemSetting.messageAdmin","/messageAdmin","messageAdminCtrl","views/systemSetting/messageAdmin.html"
"systemSetting.phoneAdmin","/phoneAdmin","phoneAdminCtrl","views/systemSetting/phoneAdmin.html"
"systemSetting.printConfig","/printConfig","printConfigCtrl","views/systemSetting/printConfig.html"
"systemSetting.materiallist","/materiallist","materiallistCtrl","views/systemSetting/materiallist.html"
"systemSetting.brandList","/brandList","brandListCtrl","views/systemSetting/brandList.html"
"systemSetting.materialImport","/materialImport","materialImportCtrl","views/systemSetting/materialImport.html"
"materialImport","/materialImport","materialImportCtrl","views/systemSetting/materialImport.html"
"visionAdmin","/visionAdmin?chartType&isSocket","visionAdminCtrl","views/systemSetting/visionAdmin.html"
"systemSetting.addMaterial","/addMaterial","addMaterialCtrl","views/systemSetting/addMaterial.html"
"systemSetting.batchMaterial","/batchMaterial","batchMaterialCtrl","views/systemSetting/batchMaterial.html"
"systemSetting.materialModify","/materialModify?productId&productSkuId","materialModifyCtrl","views/systemSetting/materialModify.html"
"systemSetting.materialCertificate","/materialCertificate?productId&productSkuId","materialCertificateCtrl","views/systemSetting/materialCertificate.html"
"systemSetting.customerMaterialCertificate","/customerMaterialCertificate?productId&productSkuId","materialCertificateCtrl","views/systemSetting/customerMaterialCertificate.html"
"systemSetting.firstApproval","/firstApproval?productId&productSkuId&supplierId&type","firstApprovalCtrl","views/systemSetting/firstApproval.html"
"systemSetting.supplierList","/supplierList","supplierListCtrl","views/systemSetting/supplierList.html"
"systemSetting.InspectList","/InspectList","InspectListCtrl","views/systemSetting/InspectList.html"
"systemSetting.groupeditList","/groupeditList","groupeditListCtrl","views/systemSetting/groupeditList.html"
"systemSetting.customerCharge","/customerCharge","customerChargeCtrl","views/systemSetting/customerCharge.html"
"systemSetting.addCustomerCharge","/addCustomerCharge","addCustomerChargeCtrl","views/systemSetting/addCustomerCharge.html"
"systemSetting.modifyCustomerCharge","/modifyCustomerCharge?productId&productSkuId","modifyCustomerChargeCtrl","views/systemSetting/modifyCustomerCharge.html"
"systemSetting.customerChargeItem","/customerChargeItem","customerChargeItemCtrl","views/systemSetting/customerChargeItem.html"
"systemSetting.addCustomerChargeItem","/addCustomerChargeItem","addCustomerChargeItemCtrl","views/systemSetting/addCustomerChargeItem.html"
"systemSetting.modifyCustomerChargeItem","/modifyCustomerChargeItem?id","modifyCustomerChargeItemCtrl","views/systemSetting/modifyCustomerChargeItem.html"
"systemSetting.customerChargeChoice","/customerChargeChoice?id","customerChargeChoiceCtrl","views/systemSetting/customerChargeChoice.html"
"systemSetting.productPlanList","/productPlanList","productPlanListCtrl","views/systemSetting/productPlanList.html"
"systemSetting.addProductPlan","/addProductPlan","addProductPlanCtrl","views/systemSetting/addProductPlan.html"
"systemSetting.modifyProductPlan","/modifyProductPlan?productId","modifyProductPlanCtrl","views/systemSetting/modifyProductPlan.html"
"systemSetting.addInspect","/addInspect","addInspectCtrl","views/systemSetting/addInspect.html"
"systemSetting.addGroupedit","/addGroupedit","addGroupeditCtrl","views/systemSetting/addGroupedit.html"
"systemSetting.modifyGroupedit","/modifyGroupedit?id","modifyGroupeditCtrl","views/systemSetting/modifyGroupedit.html"
"systemSetting.addRecordTemplate","/addRecordTemplate","addRecordTemplateCtrl","views/systemSetting/addRecordTemplate.html"
"systemSetting.commonSetTemp","/commonSetTemp?type&id","commonSetTempCtrl","views/systemSetting/commonSetTemp.html"
"systemSetting.suiFangJieLunTem","/suiFangJieLunTem?id","suiFangJieLunTemCtrl","views/systemSetting/suiFangJieLunTem.html"
"systemSetting.modifyRecordTemplate","/modifyRecordTemplate?id","modifyRecordTemplateCtrl","views/systemSetting/modifyRecordTemplate.html"
"systemSetting.modifyInspect","/modifyInspect?id","modifyInspectCtrl","views/systemSetting/modifyInspect.html"
"systemSetting.addCheckItem","/addCheckItem?id","addCheckItemCtrl","views/systemSetting/addCheckItem.html"
"systemSetting.depotList","/depotList","depotListCtrl","views/systemSetting/depotList.html"
"systemSetting.processCenter","/processCenter","processCenterCtrl","views/systemSetting/processCenter.html"
"systemSetting.modifyProcessCenter","/modifyProcessCenter?id","modifyProcessCenterCtrl","views/systemSetting/modifyProcessCenter.html"
"systemSetting.addProcessCenter","/addProcessCenter","addProcessCenterCtrl","views/systemSetting/addProcessCenter.html"
"systemSetting.addDepot","/addDepot","addDepotCtrl","views/systemSetting/addDepot.html"
"systemSetting.depotModify","/depotModify?id","depotModifyCtrl","views/systemSetting/depotModify.html"
"systemSetting.addSupplier","/addSupplier","addSupplierCtrl","views/systemSetting/addSupplier.html"
"systemSetting.addMedicalFee","/addMedicalFee","addMedicalFeeCtrl","views/systemSetting/addMedicalFee.html"
"systemSetting.medicalFeesList","/medicalFeesList","medicalFeesListCtrl","views/systemSetting/medicalFeesList.html"
"systemSetting.modifyMedicalFee","/modifyMedicalFee?id","modifyMedicalFeeCtrl","views/systemSetting/modifyMedicalFee.html"
"systemSetting.supplierModify","/supplierModify?supplierId","supplierModifyCtrl","views/systemSetting/supplierModify.html"
"systemSetting.supplierCertificate","/supplierCertificate?supplierId","supplierCertificateCtrl","views/systemSetting/supplierCertificate.html"
"firstDoctorList","/firstDoctorList","firstDoctorListCtrl","views/systemSetting/firstDoctorList.html"
"addFirstDoctor","/addFirstDoctor","addFirstDoctorCtrl","views/systemSetting/addFirstDoctor.html"
"modifyFirstDoctor","/modifyFirstDoctor?id","modifyFirstDoctorCtrl","views/systemSetting/modifyFirstDoctor.html"
"systemSetting.memberTypeList","/memberTypeList","memberTypeListCtrl","views/systemSetting/memberTypeList.html"
"systemSetting.memberChannelList","/memberChannelList","memberChannelListCtrl","views/systemSetting/memberChannelList.html"
"systemSetting.recordTemplateList","/recordTemplateList","recordTemplateListCtrl","views/systemSetting/recordTemplateList.html"
"systemSetting.suiFangNeiRongTemplate","/suiFangNeiRongTemplate","suiFangNeiRongTemplateCtrl","views/systemSetting/suiFangNeiRongTemplate.html"
"systemSetting.suiFangJieLunTemplate","/suiFangJieLunTemplate","suiFangJieLunTemplateCtrl","views/systemSetting/suiFangJieLunTemplate.html"
"systemSetting.toothCheckTemplate","/toothCheckTemplate","toothCheckTemplateCtrl","views/systemSetting/toothCheckTemplate.html"
"systemSetting.memberTypeModify","/memberTypeModify?id","memberTypeModifyCtrl","views/systemSetting/memberTypeModify.html"
"systemSetting.addMemberType","/addMemberType?id","addMemberTypeCtrl","views/systemSetting/addMemberType.html"
"systemSetting.checkList","/checkList","checkListCtrl","views/systemSetting/checkList.html"
"systemSetting.addCheck","/addCheck","addCheckCtrl","views/systemSetting/addCheck.html"
"systemSetting.projectCard","/projectCard","projectCardCtrl","views/systemSetting/projectCard.html"
"systemSetting.addProjectCard","/addProjectCard?id","addProjectCardCtrl","views/systemSetting/addProjectCard.html"
"systemSetting.pointsAdmin","/pointsAdmin","pointsAdminCtrl","views/systemSetting/pointsAdmin.html"
"systemSetting.appointAdmin","/appointAdmin","appointAdminCtrl","views/systemSetting/appointAdmin.html"
"systemSetting.recipeAdmin","/recipeAdmin","recipeAdminCtrl","views/systemSetting/recipeAdmin.html"
"systemSetting.chargeAdmin","/chargeAdmin","chargeAdminCtrl","views/systemSetting/chargeAdmin.html"
"systemSetting.wecomAdmin","/wecomAdmin","wecomAdminCtrl","views/systemSetting/wecomAdmin.html"
"systemSetting.frontAdmin","/frontAdmin","frontAdminCtrl","views/systemSetting/frontAdmin.html"
"systemSetting.stockAdmin","/stockAdmin","stockAdminCtrl","views/systemSetting/stockAdmin.html"
"systemSetting.schoolCheckRecord","/schoolCheckRecord","schoolCheckRecordCtrl","views/systemSetting/schoolCheckRecord.html"
"systemSetting.appConfig","/appConfig","appConfigCtrl","views/systemSetting/appConfig.html"
"systemSetting.reportDateAdmin","/reportDateAdmin","reportDateAdminCtrl","views/systemSetting/reportDateAdmin.html"
"systemSetting.chargeWays","/chargeWays","chargeWaysCtrl","views/systemSetting/chargeWays.html"
"systemSetting.checkModify","/checkModify?id","checkModifyCtrl","views/systemSetting/checkModify.html"
"screenList","/screenList?promotionId&schoolPlanId","screenListCtrl","views/screenAdmin/screenList.html"
"multiImportStudent","/multiImportStudent","multiImportStudentCtrl","views/screenAdmin/multiImportStudent.html"
"schoolPlanList","/schoolPlanList","schoolPlanListCtrl","views/screenAdmin/schoolPlanList.html"
"areaSchoolPlanList","/areaSchoolPlanList","schoolPlanListCtrl","views/screenAdmin/schoolPlanList.html"
"addSchoolPlan","/addSchoolPlan","addSchoolPlanCtrl","views/screenAdmin/addSchoolPlan.html"
"addAreaSchoolPlan","/addAreaSchoolPlan","addSchoolPlanCtrl","views/screenAdmin/addSchoolPlan.html"
"modifySchoolPlan","/modifySchoolPlan?schoolPlanId","modifySchoolPlanCtrl","views/screenAdmin/modifySchoolPlan.html"
"modifyAreaSchoolPlan","/modifyAreaSchoolPlan?schoolPlanId","modifySchoolPlanCtrl","views/screenAdmin/modifySchoolPlan.html"
"schoolMateCheckList","/schoolMateCheckList?promotionId&schoolPlanId","schoolMateCheckListCtrl","views/screenAdmin/schoolMateCheckList.html"
"screenBackConfig","/screenBackConfig","screenBackConfigCtrl","views/screenAdmin/screenBackConfig.html"
"screenPromotionConfig","/screenPromotionConfig","screenPromotionConfigCtrl","views/screenAdmin/screenPromotionConfig.html"
"screenPromotionToothConfig","/screenPromotionToothConfig","screenPromotionToothConfigCtrl","views/screenAdmin/screenPromotionToothConfig.html"
"screenUrlConfig","/screenUrlConfig","screenUrlConfigCtrl","views/screenAdmin/screenUrlConfig.html"
"cloudPrinterConfig","/cloudPrinterConfig","cloudPrinterConfigCtrl","views/screenAdmin/cloudPrinterConfig.html"
"zhiShiBangConfig","/zhiShiBangConfig","zhiShiBangConfigCtrl","views/screenAdmin/zhiShiBangConfig.html"
"healthScreenConfig","/healthScreenConfig","healthScreenConfigCtrl","views/screenAdmin/healthScreenConfig.html"
"detectionLog","/detectionLog","detectionLogCtrl","views/customize/detectionLog.html"
"blueToothTransfer","/blueToothTransfer","blueToothTransferCtrl","views/customize/blueToothTransfer.html"
"screenConditionBatch","/screenConditionBatch","screenConditionBatchCtrl","views/screenAdmin/screenConditionBatch.html"
"screenConditionBatchGroupSend","/screenConditionBatchGroupSend?taskScreenTemplateBatchSendId","screenConditionBatchGroupSendCtrl","views/screenAdmin/screenConditionBatchGroupSend.html"
"screenConditionBatchGroupSendLook","/screenConditionBatchGroupSendLook?taskScreenTemplateBatchSendId","screenConditionBatchGroupSendLookCtrl","views/screenAdmin/screenConditionBatchGroupSendLook.html"
"screenPromotionList","/screenPromotionList","screenPromotionListCtrl","views/screenAdmin/screenPromotionList.html"
"cloudPrinterList","/cloudPrinterList","cloudPrinterListCtrl","views/screenAdmin/cloudPrinterList.html"
"fundus","/fundus","fundusCtrl","views/screenAdmin/fundus.html"
"pos","/pos","posCtrl","views/screenAdmin/pos.html"
"queueMachine","/queueMachine","queueMachineCtrl","views/clinic/queueMachine.html"
"queueMachineConfig","/queueMachineConfig?queueMachineId","queueMachineConfigCtrl","views/clinic/queueMachineConfig.html"
"reportRecord","/reportRecord","reportRecordCtrl","views/screenAdmin/reportRecord.html"
"reportStatistic","/reportStatistic","reportStatisticCtrl","views/screenAdmin/reportStatistic.html"
"fundusLog","/fundusLog?fundusDeviceId","fundusLogCtrl","views/screenAdmin/fundusLog.html"
"screenPromotionStudent","/screenPromotionStudent","screenPromotionStudentCtrl","views/screenAdmin/screenPromotionStudent.html"
"addScreenPromotion","/addScreenPromotion?schoolId&classId","addScreenPromotionCtrl","views/screenAdmin/addScreenPromotion.html"
"modifyScreenPromotion","/modifyScreenPromotion?promotionId&schoolPlanId","modifyScreenPromotionCtrl","views/screenAdmin/modifyScreenPromotion.html"
"schoolMateCheckReports","/schoolMateCheckReports","schoolMateCheckReportsCtrl","views/screenAdmin/schoolMateCheckReports.html"
"mateCheckReportList","/mateCheckReportList","schoolMateCheckReportsCtrl","views/screenAdmin/mateCheckReportList.html"
"mateCheckReportConfig","/mateCheckReportConfig?type","mateCheckReportConfigCtrl","views/screenAdmin/mateCheckReportConfig.html"
"mateCheckReportListNew","/mateCheckReportListNew","mateCheckReportListNewCtrl","views/screenAdmin/mateCheckReportListNew.html"
"physicalReport","/physicalReport","physicalReportCtrl","views/screenAdmin/physicalReport.html"
"physicalContrastReport","/physicalContrastReport","physicalContrastReportCtrl","views/screenAdmin/physicalContrastReport.html"
"inspection","/inspection","inspectionCtrl","views/screenAdmin/inspection.html"
"screenSchoolReport","/screenSchoolReport","screenSchoolReportCtrl","views/screenAdmin/screenSchoolReport.html"
"mateSchoolReport","/mateSchoolReport","screenSchoolReportCtrl","views/screenAdmin/mateSchoolReport.html"
"screenClassReport","/screenClassReport","screenClassReportCtrl","views/screenAdmin/screenClassReport.html"
"mateClassReport","/mateClassReport","screenClassReportCtrl","views/screenAdmin/mateClassReport.html"
"schoolPlanReport","/schoolPlanReport","schoolPlanReportCtrl","views/screenAdmin/schoolPlanReport.html"
"screenReportInschool","/screenReportInschool","screenReportInschoolCtrl","views/screenAdmin/screenReportInschool.html"
"classReportInschool","/classReportInschool","classReportInschoolCtrl","views/screenAdmin/classReportInschool.html"
"studentReportInschool","/studentReportInschool","studentReportInschoolCtrl","views/screenAdmin/studentReportInschool.html"
"contrastReportInschool","/contrastReportInschool","contrastReportInschoolCtrl","views/screenAdmin/contrastReportInschool.html"
"screenContrastReport","/screenContrastReport","screenContrastReportCtrl","views/screenAdmin/screenContrastReport.html"
"mateContrastReport","/mateContrastReport","screenContrastReportCtrl","views/screenAdmin/mateContrastReport.html"
"transformationRate","/transformationRate","transformationRateCtrl","views/screenAdmin/transformationRate.html"
"contrastReportByArea","/contrastReportByArea","contrastReportByAreaCtrl","views/screenAdmin/contrastReportByArea.html"
"accessReport","/accessReport","accessReportCtrl","views/screenAdmin/accessReport.html"
"progressReport","/progressReport","progressReportCtrl","views/screenAdmin/progressReport.html"
"mateProgressReport","/mateProgressReport","mateProgressReportCtrl","views/screenAdmin/mateProgressReport.html"
"screenStudentReport","/screenStudentReport","screenStudentReportCtrl","views/screenAdmin/screenStudentReport.html"
"mateRecordReport","/mateRecordReport","screenStudentReportCtrl","views/screenAdmin/mateRecordReport.html"
"printStudentReport","/printStudentReport","printStudentReportCtrl","views/screenAdmin/printStudentReport.html"
"screenRecordReport","/screenRecordReport","screenRecordReportCtrl","views/screenAdmin/screenRecordReport.html"
"medicalConfig","/medicalConfig","medicalConfigCtrl","views/screenAdmin/medicalConfig.html"
"screenInStore","/screenInStore","screenInStoreCtrl","views/screenAdmin/screenInStore.html"
"reachStoreAppointAllReport","/reachStoreAppointAllReport","reachStoreAppointAllReportCtrl","views/screenAdmin/reachStoreAppointAllReport.html"
"reachStoreAppointSingleReport","/reachStoreAppointSingleReport","reachStoreAppointSingleReportCtrl","views/screenAdmin/reachStoreAppointSingleReport.html"
"reachStoreAppointDetails","/reachStoreAppointDetails","reachStoreAppointDetailsCtrl","views/screenAdmin/reachStoreAppointDetails.html"
"markOriginSet","/markOriginSet","markOriginSetCtrl","views/screenAdmin/markOriginSet.html"
"exportrec","/exportrec","exportrecCtrl","views/screenAdmin/exportrec.html"
"modifySchoolMateCheck","/modifySchoolMateCheck?checkId","modifySchoolMateCheckCtrl","views/screenAdmin/modifySchoolMateCheck.html"
"modifyHealthScreen","/modifyHealthScreen?checkId&checkCode","modifyHealthScreenCtrl","views/screenAdmin/modifyHealthScreen.html"
"modifyMateCheck","/modifyMateCheck?checkId","modifyMateCheckCtrl","views/screenAdmin/modifyMateCheck.html"
"viewSchoolMateCheck","/viewSchoolMateCheck?checkId","modifySchoolMateCheckCtrl","views/screenAdmin/viewSchoolMateCheck.html"
"schoolList","/schoolList","schoolListCtrl","views/screenAdmin/schoolList.html"
"addSchool","/addSchool","addSchoolCtrl","views/screenAdmin/addSchool.html"
"dataChart","/dataChart","dataChartCtrl","views/screenAdmin/dataChart.html"
"updateSchool","/updateSchool?schoolId","updateSchoolCtrl","views/screenAdmin/updateSchool.html"
"classList","/classList?schoolId","classListCtrl","views/screenAdmin/classList.html"
"visionMesure","/visionMesure","visionMesureCtrl","views/screenAdmin/visionSelect.html"
"adultVisionMesure","/adultVisionMesure","visionMesureCtrl","views/screenAdmin/visionMesure.html"
"projectionScreen","/projectionScreen","projectionScreenCtrl","views/screenAdmin/projectionScreen.html"
"childVisionMesure","/childVisionMesure","visionMesureCtrl","views/screenAdmin/childVisionMesure.html"
"optometryList","/optometryList","optometryListCtrl","views/optometryList/optometryList.html"
"optometryLogList","/optometryLogList?uartDeviceId","optometryLogListCtrl","views/optometryList/optometryLogList.html"
"assistCheckList","/assistCheckList","assistCheckListCtrl","views/assistCheckList/assistCheckList.html"
"smsSet","/smsSet","smsSetCtrl","views/assistCheckList/smsSet.html"
"remindList","/remindList","remindListCtrl","views/assistCheckList/remindList.html"
"addVisit","/remindList/addVisit?followUpId?patientId","addVisitCtrl","views/visitManage/addVisit.html"
"visitDetails","/remindList/visitDetails?followUpId&look","visitDetailsCtrl","views/visitManage/visitDetails.html"
"machineOrder","/machineOrder","machineOrderCtrl","views/machineCenter/machineOrder.html"
"machineOrderWaitProcess","/machineOrderWaitProcess","machineOrderWaitProcessCtrl","views/machineCenter/machineOrderWaitAccess.html"
"machineOrderWaitAccess","/machineOrderWaitAccess","machineOrderWaitProcessCtrl","views/machineCenter/machineOrderWaitAccess.html"
"machineOrderChainWaitAccess","/machineOrderChainWaitAccess","machineOrderWaitProcessCtrl","views/machineCenter/machineOrderChainWaitAccess.html"
"machineOrderChainWaitProcess","/machineOrderChainWaitProcess","machineOrderWaitProcessCtrl","views/machineCenter/machineOrderChainWaitAccess.html"
"machineOrderChainProcessing","/machineOrderChainProcessing","machineOrderWaitProcessCtrl","views/machineCenter/machineOrderChainWaitAccess.html"
"machineOrderChainTesting","/machineOrderChainTesting","machineOrderWaitProcessCtrl","views/machineCenter/machineOrderChainWaitAccess.html"
"machineOrderProcessing","/machineOrderProcessing","machineOrderWaitProcessCtrl","views/machineCenter/machineOrderWaitAccess.html"
"machineOrderTesting","/machineOrderTesting","machineOrderWaitProcessCtrl","views/machineCenter/machineOrderWaitAccess.html"
"stockLossList","/stockLossList","stockLossListCtrl","views/machineCenter/stockLossList.html"
"goods.stockLossDetail","/stockLossDetail?stockLossId","stockLossDetailCtrl","views/machineCenter/stockLossDetail.html"
"chainStockLossDetail","/chainStockLossDetail?stockLossId","stockLossDetailCtrl","views/machineCenter/stockLossDetail.html"
"goods.completeStockLoss","/completeStockLoss?stockLossId","completeStockLossCtrl","views/machineCenter/completeStockLoss.html"
"completeChainStockLoss","/completeChainStockLoss?stockLossId","completeStockLossCtrl","views/machineCenter/completeStockLoss.html"
"stockChainLossList","/stockChainLossList","stockLossListCtrl","views/machineCenter/stockLossList.html"
"goods","/goods","goodsCtrl","views/materialAdmin/goods.html"
"goods.companyStockList","/companyStockList","companyStockListCtrl","views/machineCenter/companyStockList.html"
"chainStockList","/chainStockList","companyStockListCtrl","views/machineCenter/companyStockList.html"
"machineOrderBroken","/machineOrderBroken?cashflowId&machineCenterId&chain","machineOrderBrokenCtrl","views/machineCenter/machineOrderBroken.html"
"machineOrderChainBroken","/machineOrderChainBroken?cashflowId&machineCenterId&chain","machineOrderBrokenCtrl","views/machineCenter/machineOrderBroken.html"
"machineOrderCompleted","/machineOrderCompleted?cashflowId&machineCenterId","machineOrderBrokenCtrl","views/machineCenter/machineOrderCompleted.html"
"machineOrderChainCompleted","/machineOrderChainCompleted?cashflowId&machineCenterId","machineOrderBrokenCtrl","views/machineCenter/machineOrderCompleted.html"
"assistChecking","/assistChecking?medicalExamineId&editable&medicalRecordId","assistCheckingCtrl","views/assistCheckList/assistChecking.html"
"hospitalRecharge","/hospitalRecharge","hospitalRechargeCtrl","views/hospitalRecharge/hospitalRecharge.html"
"waitChargeList","/waitChargeList","waitChargeListCtrl","views/chargeAdmin/waitChargeList.html"
"unPayList","/unPayList","unPayListCtrl","views/chargeAdmin/unPayList.html"
"unPayDetail","/unPayDetail?customerId","unPayDetailCtrl","views/chargeAdmin/unPayDetail.html"
"waitChargeDetail","/waitChargeDetail?medicalRecordId","waitChargeDetailCtrl","views/chargeAdmin/waitChargeDetail.html"
"waitPayBack","/waitPayBack?cashflowId","waitPayBackCtrl","views/chargeAdmin/waitPayBack.html"
"partBack","/partBack?cashflowId","partBackCtrl","views/chargeAdmin/partBack.html"
"payBackDetail","/payBackDetail?refundId&refundLogId","payBackDetailCtrl","views/chargeAdmin/payBackDetail.html"
"waitPayList","/waitPayList","waitPayListCtrl","views/chargeAdmin/waitPayList.html"
"payedList","/payedList","payedListCtrl","views/chargeAdmin/payedList.html"
"waitPayBackList","/waitPayBackList","waitPayBackListCtrl","views/chargeAdmin/waitPayBackList.html"
"reChargeList","/reChargeList","reChargeListCtrl","views/chargeAdmin/reChargeList.html"
"reChargeListBack","/reChargeListBack?customerId","reChargeListBackCtrl","views/chargeAdmin/reChargeListBack.html"
"machineOrderList","/machineOrderList","machineOrderListCtrl","views/chargeAdmin/machineOrderList.html"
"deliveryList","/deliveryList","deliveryListCtrl","views/chargeAdmin/deliveryList.html"
"deliveryProcessing","/deliveryProcessing?cashflowId","deliveryProcessingCtrl","views/chargeAdmin/deliveryProcessing.html"
"deliveryInput","/deliveryInput?cashflowId","deliveryInputCtrl","views/chargeAdmin/deliveryInput.html"
"deliveryInputRecord","/deliveryInputRecord?cashflowId","deliveryInputRecordCtrl","views/chargeAdmin/deliveryInputRecord.html"
"payedDetail","/payedDetail?cashflowId","payedDetailCtrl","views/chargeAdmin/payedDetail.html"
"waitPayDetail","/waitPayDetail?cashflowId","waitPayDetailCtrl","views/chargeAdmin/waitPayDetail.html"
"homePage","/homePage","homePageCtrl","views/home/homePage.html"
"pointsList","/pointsList","pointsListCtrl","views/pointsAdmin/pointsList.html"
"modifyOrder","/modifyOrder?orderId&merchantId","modifyOrderCtrl","views/orderAdmin/modifyOrder.html"
"dealRecord","/dealRecord?orderId&merchantId","dealRecordCtrl","views/orderAdmin/dealRecord.html"
"deliveryRecord","/deliveryRecord?orderId&merchantId","deliveryRecordCtrl","views/orderAdmin/deliveryRecord.html"
"addOrder","/addOrder","addOrderCtrl","views/orderAdmin/addOrder.html"
"addGroupon","/addGroupon","addGrouponCtrl","views/grouponAdmin/addGroupon.html"
"grouponDetail","/grouponDetail?grouponProductId","grouponDetailCtrl","views/grouponAdmin/grouponDetail.html"
"grouponOrder","/grouponOrder?grouponProductId","grouponOrderCtrl","views/grouponAdmin/grouponOrder.html"
"grouponList","/grouponList","grouponListCtrl","views/grouponAdmin/grouponList.html"
"couponHistory","/couponHistory","couponHistoryCtrl","views/couponAdmin/couponHistory.html"
"couponList","/couponList","couponListCtrl","views/couponAdmin/couponList.html"
"addCoupon","/addCoupon","addCouponCtrl","views/couponAdmin/addCoupon.html"
"modifyCoupon","/modifyCoupon?couponId","modifyCouponCtrl","views/couponAdmin/modifyCoupon.html"
"newsList","/newsList","newsListCtrl","views/newsAdmin/newsList.html"
"followUp","/followUp","followUpCtrl","views/customer/followUp.html"
"report.analysis","/analysis","analysisCtrl","views/customer/analysis.html"
"report.analysis.conversionFunnel","/conversionFunnel","conversionFunnelCtrl","views/customer/conversionFunnel.html"
"report.analysis.followUpAnalysis","/followUpAnalysis","followUpAnalysisCtrl","views/customer/followUpAnalysis.html"
"report.analysis.rfmModel","/rfmModel","rfmModelCtrl","views/customer/rfmModel.html"
"report.analysis.profileAnalysis","/profileAnalysis","profileAnalysisCtrl","views/customer/profileAnalysis.html"
"followUpDetails","/followUpDetails?firstMedicalRecordId&patientId","followUpDetailsCtrl","views/customer/followUpDetails.html"
"addNew","/addNew","addNewCtrl","views/newsAdmin/addNew.html"
"modifyNew","/modifyNew?id","modifyNewCtrl","views/newsAdmin/modifyNew.html"
"login","/login","loginCtrl","views/home/login.html"
